{
  "type": "FeatureCollection",
  "name": "BMC_CriticalFacilities",
  "crs": {
    "type": "name",
    "properties": {
      "name": "urn:ogc:def:crs:OGC:1.3:CRS84"
    }
  },
  "metadata": {
    "description": "Critical Public Facilities in Bhubaneswar (Schools from OPEPA DISE, Health Facilities from BhubaneswarOne GIS)",
    "source_name": "BhubaneswarOne GIS (Category MapServer)",
    "source_type": "REAL",
    "feature_count": 404,
    "retrieved_at": "2026-09-07T19:10:56.976Z"
  },
  "features": [
    {
      "type": "Feature",
      "id": "fac_school_21171300102",
      "properties": {
        "id": "fac_school_21171300102",
        "name": "Damana U G U P S",
        "facility_type": "SCHOOL",
        "category_detail": "Primary with Upper Primary",
        "management": "Department of Education",
        "address": "Ward No. 01,  Damana U G U P S, Bhubaneswar Mc",
        "latitude": 20.332537290559788,
        "longitude": 85.82720355587728,
        "source_type": "REAL",
        "source_name": "BhubaneswarOne GIS (Category MapServer/22 - School OPEPA DISE)",
        "source_url": "http://bhubaneswarone.in/arcgis/rest/services/BhubaneswarOne/Category/MapServer/22/query?where=1%3D1&outFields=*&f=geojson",
        "retrieved_at": "2026-09-07T19:10:56.976Z"
      },
      "geometry": {
        "type": "Point",
        "coordinates": [
          85.82720355587728,
          20.332537290559788
        ]
      }
    },
    {
      "type": "Feature",
      "id": "fac_school_21171300104",
      "properties": {
        "id": "fac_school_21171300104",
        "name": "Kananbala P S",
        "facility_type": "SCHOOL",
        "category_detail": "Primary",
        "management": "Department of Education",
        "address": "Ward No. 01,  Damana U G U P S, Bhubaneswar Mc",
        "latitude": 20.33256403473682,
        "longitude": 85.82717931311514,
        "source_type": "REAL",
        "source_name": "BhubaneswarOne GIS (Category MapServer/22 - School OPEPA DISE)",
        "source_url": "http://bhubaneswarone.in/arcgis/rest/services/BhubaneswarOne/Category/MapServer/22/query?where=1%3D1&outFields=*&f=geojson",
        "retrieved_at": "2026-09-07T19:10:56.976Z"
      },
      "geometry": {
        "type": "Point",
        "coordinates": [
          85.82717931311514,
          20.33256403473682
        ]
      }
    },
    {
      "type": "Feature",
      "id": "fac_school_21171300105",
      "properties": {
        "id": "fac_school_21171300105",
        "name": "Patia P S",
        "facility_type": "SCHOOL",
        "category_detail": "Primary",
        "management": "Department of Education",
        "address": "Jagannath Temple, Patia,Kanan Vihar, Chandrasekharpur,Bhubaneswar, Odisha 751024",
        "latitude": 20.34576666728466,
        "longitude": 85.82923333280306,
        "source_type": "REAL",
        "source_name": "BhubaneswarOne GIS (Category MapServer/22 - School OPEPA DISE)",
        "source_url": "http://bhubaneswarone.in/arcgis/rest/services/BhubaneswarOne/Category/MapServer/22/query?where=1%3D1&outFields=*&f=geojson",
        "retrieved_at": "2026-09-07T19:10:56.976Z"
      },
      "geometry": {
        "type": "Point",
        "coordinates": [
          85.82923333280306,
          20.34576666728466
        ]
      }
    },
    {
      "type": "Feature",
      "id": "fac_school_21171300107",
      "properties": {
        "id": "fac_school_21171300107",
        "name": "S.N.U.P.S, Patia",
        "facility_type": "SCHOOL",
        "category_detail": "Upper Primary only",
        "management": "Department of Education",
        "address": "Padmakesarpur, Patia\nBhubaneswar, Odisha ",
        "latitude": 20.346386000148144,
        "longitude": 85.84220499971323,
        "source_type": "REAL",
        "source_name": "BhubaneswarOne GIS (Category MapServer/22 - School OPEPA DISE)",
        "source_url": "http://bhubaneswarone.in/arcgis/rest/services/BhubaneswarOne/Category/MapServer/22/query?where=1%3D1&outFields=*&f=geojson",
        "retrieved_at": "2026-09-07T19:10:56.976Z"
      },
      "geometry": {
        "type": "Point",
        "coordinates": [
          85.84220499971323,
          20.346386000148144
        ]
      }
    },
    {
      "type": "Feature",
      "id": "fac_school_21171300109",
      "properties": {
        "id": "fac_school_21171300109",
        "name": "S.N H.S. Patia",
        "facility_type": "SCHOOL",
        "category_detail": "Upper Pr. and Secondary",
        "management": "Department of Education",
        "address": "Patia\nBhubaneswar, Odisha",
        "latitude": 20.347616999930683,
        "longitude": 85.83998700012494,
        "source_type": "REAL",
        "source_name": "BhubaneswarOne GIS (Category MapServer/22 - School OPEPA DISE)",
        "source_url": "http://bhubaneswarone.in/arcgis/rest/services/BhubaneswarOne/Category/MapServer/22/query?where=1%3D1&outFields=*&f=geojson",
        "retrieved_at": "2026-09-07T19:10:56.976Z"
      },
      "geometry": {
        "type": "Point",
        "coordinates": [
          85.83998700012494,
          20.347616999930683
        ]
      }
    },
    {
      "type": "Feature",
      "id": "fac_school_21171300110",
      "properties": {
        "id": "fac_school_21171300110",
        "name": "C.S Pur H.S. Phase-2",
        "facility_type": "SCHOOL",
        "category_detail": "Upper Pr. and Secondary",
        "management": "Department of Education",
        "address": "Bda Colony Chandrasekarpur Phase 2 Bhubaneswar 751021, India",
        "latitude": 20.33431499972175,
        "longitude": 85.81303800037414,
        "source_type": "REAL",
        "source_name": "BhubaneswarOne GIS (Category MapServer/22 - School OPEPA DISE)",
        "source_url": "http://bhubaneswarone.in/arcgis/rest/services/BhubaneswarOne/Category/MapServer/22/query?where=1%3D1&outFields=*&f=geojson",
        "retrieved_at": "2026-09-07T19:10:56.976Z"
      },
      "geometry": {
        "type": "Point",
        "coordinates": [
          85.81303800037414,
          20.33431499972175
        ]
      }
    },
    {
      "type": "Feature",
      "id": "fac_school_21171300111",
      "properties": {
        "id": "fac_school_21171300111",
        "name": "Govt. H S. Damana,BBSR",
        "facility_type": "SCHOOL",
        "category_detail": "Upper Pr. and Secondary",
        "management": "Department of Education",
        "address": "Ward No. 01,  Damana U G U P S, Bhubaneswar Mc",
        "latitude": 20.33255199979261,
        "longitude": 85.82719499958763,
        "source_type": "REAL",
        "source_name": "BhubaneswarOne GIS (Category MapServer/22 - School OPEPA DISE)",
        "source_url": "http://bhubaneswarone.in/arcgis/rest/services/BhubaneswarOne/Category/MapServer/22/query?where=1%3D1&outFields=*&f=geojson",
        "retrieved_at": "2026-09-07T19:10:56.976Z"
      },
      "geometry": {
        "type": "Point",
        "coordinates": [
          85.82719499958763,
          20.33255199979261
        ]
      }
    },
    {
      "type": "Feature",
      "id": "fac_school_21171300112",
      "properties": {
        "id": "fac_school_21171300112",
        "name": "Chandrasekhar Pur Village P S",
        "facility_type": "SCHOOL",
        "category_detail": "Primary",
        "management": "Department of Education",
        "address": "Shree Vihar, Chandrasekharpur Bhubaneswar, Odisha",
        "latitude": 20.33673600002785,
        "longitude": 85.82838300006179,
        "source_type": "REAL",
        "source_name": "BhubaneswarOne GIS (Category MapServer/22 - School OPEPA DISE)",
        "source_url": "http://bhubaneswarone.in/arcgis/rest/services/BhubaneswarOne/Category/MapServer/22/query?where=1%3D1&outFields=*&f=geojson",
        "retrieved_at": "2026-09-07T19:10:56.976Z"
      },
      "geometry": {
        "type": "Point",
        "coordinates": [
          85.82838300006179,
          20.33673600002785
        ]
      }
    },
    {
      "type": "Feature",
      "id": "fac_school_21171300115",
      "properties": {
        "id": "fac_school_21171300115",
        "name": "Sikharchandi Project P S",
        "facility_type": "SCHOOL",
        "category_detail": "Primary",
        "management": "Department of Education",
        "address": "Sikharchand Vihar, Bhubaneswar, Odisha",
        "latitude": 20.356564000201963,
        "longitude": 85.82381399971885,
        "source_type": "REAL",
        "source_name": "BhubaneswarOne GIS (Category MapServer/22 - School OPEPA DISE)",
        "source_url": "http://bhubaneswarone.in/arcgis/rest/services/BhubaneswarOne/Category/MapServer/22/query?where=1%3D1&outFields=*&f=geojson",
        "retrieved_at": "2026-09-07T19:10:56.976Z"
      },
      "geometry": {
        "type": "Point",
        "coordinates": [
          85.82381399971885,
          20.356564000201963
        ]
      }
    },
    {
      "type": "Feature",
      "id": "fac_school_21171300116",
      "properties": {
        "id": "fac_school_21171300116",
        "name": "Prasanti Bihar P U P S",
        "facility_type": "SCHOOL",
        "category_detail": "Primary with Upper Primary",
        "management": "Department of Education",
        "address": "Prasanti Bihar Colony ,Bhubaneswar, Odisha",
        "latitude": 20.354814000155383,
        "longitude": 85.81963800045745,
        "source_type": "REAL",
        "source_name": "BhubaneswarOne GIS (Category MapServer/22 - School OPEPA DISE)",
        "source_url": "http://bhubaneswarone.in/arcgis/rest/services/BhubaneswarOne/Category/MapServer/22/query?where=1%3D1&outFields=*&f=geojson",
        "retrieved_at": "2026-09-07T19:10:56.976Z"
      },
      "geometry": {
        "type": "Point",
        "coordinates": [
          85.81963800045745,
          20.354814000155383
        ]
      }
    },
    {
      "type": "Feature",
      "id": "fac_school_21171300154",
      "properties": {
        "id": "fac_school_21171300154",
        "name": "Venkateswar E M S, CS Pur",
        "facility_type": "SCHOOL",
        "category_detail": "Primary with Upper Primary",
        "management": "Pvt. Unaided",
        "address": "VEMS - Day Boarding Block\nInfocity Road, Infocity, Chandrase",
        "latitude": 20.34197500040258,
        "longitude": 85.8092805561233,
        "source_type": "REAL",
        "source_name": "BhubaneswarOne GIS (Category MapServer/22 - School OPEPA DISE)",
        "source_url": "http://bhubaneswarone.in/arcgis/rest/services/BhubaneswarOne/Category/MapServer/22/query?where=1%3D1&outFields=*&f=geojson",
        "retrieved_at": "2026-09-07T19:10:56.976Z"
      },
      "geometry": {
        "type": "Point",
        "coordinates": [
          85.8092805561233,
          20.34197500040258
        ]
      }
    },
    {
      "type": "Feature",
      "id": "fac_school_21171300173",
      "properties": {
        "id": "fac_school_21171300173",
        "name": "Jayadev Sikhya Kendra, Kanan Vihar",
        "facility_type": "SCHOOL",
        "category_detail": "Primary with Upper Primary",
        "management": "Un-Recognised",
        "address": "Patia\nBhubaneswar, Odisha",
        "latitude": 20.352658000406226,
        "longitude": 85.82845600017188,
        "source_type": "REAL",
        "source_name": "BhubaneswarOne GIS (Category MapServer/22 - School OPEPA DISE)",
        "source_url": "http://bhubaneswarone.in/arcgis/rest/services/BhubaneswarOne/Category/MapServer/22/query?where=1%3D1&outFields=*&f=geojson",
        "retrieved_at": "2026-09-07T19:10:56.976Z"
      },
      "geometry": {
        "type": "Point",
        "coordinates": [
          85.82845600017188,
          20.352658000406226
        ]
      }
    },
    {
      "type": "Feature",
      "id": "fac_school_21171300176",
      "properties": {
        "id": "fac_school_21171300176",
        "name": "Sikharchandi U P S",
        "facility_type": "SCHOOL",
        "category_detail": "Upper Primary only",
        "management": "Un-Recognised",
        "address": "Sikharchandi Vihar,Patia\nBhubaneswar, Odisha 751024",
        "latitude": 20.3567649999119,
        "longitude": 85.8237900000404,
        "source_type": "REAL",
        "source_name": "BhubaneswarOne GIS (Category MapServer/22 - School OPEPA DISE)",
        "source_url": "http://bhubaneswarone.in/arcgis/rest/services/BhubaneswarOne/Category/MapServer/22/query?where=1%3D1&outFields=*&f=geojson",
        "retrieved_at": "2026-09-07T19:10:56.976Z"
      },
      "geometry": {
        "type": "Point",
        "coordinates": [
          85.8237900000404,
          20.3567649999119
        ]
      }
    },
    {
      "type": "Feature",
      "id": "fac_school_21171300181",
      "properties": {
        "id": "fac_school_21171300181",
        "name": "Vivekananda Siksha Kendra, Padmavat",
        "facility_type": "SCHOOL",
        "category_detail": "Primary with Upper Primary",
        "management": "Un-Recognised",
        "address": "C-3/2, Infocity Rd, Kanan Vihar, Chandrasekharpur\nBhubaneswar, Odisha 751016",
        "latitude": 20.339119999787112,
        "longitude": 85.81825699959337,
        "source_type": "REAL",
        "source_name": "BhubaneswarOne GIS (Category MapServer/22 - School OPEPA DISE)",
        "source_url": "http://bhubaneswarone.in/arcgis/rest/services/BhubaneswarOne/Category/MapServer/22/query?where=1%3D1&outFields=*&f=geojson",
        "retrieved_at": "2026-09-07T19:10:56.976Z"
      },
      "geometry": {
        "type": "Point",
        "coordinates": [
          85.81825699959337,
          20.339119999787112
        ]
      }
    },
    {
      "type": "Feature",
      "id": "fac_school_21171300183",
      "properties": {
        "id": "fac_school_21171300183",
        "name": "Capital Sovenary Sikshyashram",
        "facility_type": "SCHOOL",
        "category_detail": "Primary",
        "management": "Pvt. Unaided",
        "address": "Niladri-Vihar Govt. Up School, Niladri Vihar, Chandrasekharpur, Bhubaneswar 751021 ",
        "latitude": 20.324652000315414,
        "longitude": 85.81165699992818,
        "source_type": "REAL",
        "source_name": "BhubaneswarOne GIS (Category MapServer/22 - School OPEPA DISE)",
        "source_url": "http://bhubaneswarone.in/arcgis/rest/services/BhubaneswarOne/Category/MapServer/22/query?where=1%3D1&outFields=*&f=geojson",
        "retrieved_at": "2026-09-07T19:10:56.976Z"
      },
      "geometry": {
        "type": "Point",
        "coordinates": [
          85.81165699992818,
          20.324652000315414
        ]
      }
    },
    {
      "type": "Feature",
      "id": "fac_school_21171300184",
      "properties": {
        "id": "fac_school_21171300184",
        "name": "Pathani Samanta Sikshya Kendra",
        "facility_type": "SCHOOL",
        "category_detail": "Primary with Upper Primary",
        "management": "Un-Recognised",
        "address": "Queens' Castle 2 Chandaka Industrial Estate, K I I T Un",
        "latitude": 20.352071999746666,
        "longitude": 85.81837400016313,
        "source_type": "REAL",
        "source_name": "BhubaneswarOne GIS (Category MapServer/22 - School OPEPA DISE)",
        "source_url": "http://bhubaneswarone.in/arcgis/rest/services/BhubaneswarOne/Category/MapServer/22/query?where=1%3D1&outFields=*&f=geojson",
        "retrieved_at": "2026-09-07T19:10:56.976Z"
      },
      "geometry": {
        "type": "Point",
        "coordinates": [
          85.81837400016313,
          20.352071999746666
        ]
      }
    },
    {
      "type": "Feature",
      "id": "fac_school_21171300186",
      "properties": {
        "id": "fac_school_21171300186",
        "name": "S.S. Mandir Prasanti Vihar",
        "facility_type": "SCHOOL",
        "category_detail": "Primary with Upper Primary",
        "management": "Pvt. Unaided",
        "address": "Chandaka Industrial Estate, Prasanti Vihar, Patia,Bhubaneswar, Odisha 751024",
        "latitude": 20.3590638891709,
        "longitude": 85.81808055585547,
        "source_type": "REAL",
        "source_name": "BhubaneswarOne GIS (Category MapServer/22 - School OPEPA DISE)",
        "source_url": "http://bhubaneswarone.in/arcgis/rest/services/BhubaneswarOne/Category/MapServer/22/query?where=1%3D1&outFields=*&f=geojson",
        "retrieved_at": "2026-09-07T19:10:56.976Z"
      },
      "geometry": {
        "type": "Point",
        "coordinates": [
          85.81808055585547,
          20.3590638891709
        ]
      }
    },
    {
      "type": "Feature",
      "id": "fac_school_21171300187",
      "properties": {
        "id": "fac_school_21171300187",
        "name": "S.S. Mandir Patia",
        "facility_type": "SCHOOL",
        "category_detail": "Primary with Upper Primary",
        "management": "Un-Recognised",
        "address": "Chandaka Industrial Estate, Prasanti Vihar, Patia,Bhubaneswar, Odisha 751024",
        "latitude": 20.35904166675885,
        "longitude": 85.8181000001646,
        "source_type": "REAL",
        "source_name": "BhubaneswarOne GIS (Category MapServer/22 - School OPEPA DISE)",
        "source_url": "http://bhubaneswarone.in/arcgis/rest/services/BhubaneswarOne/Category/MapServer/22/query?where=1%3D1&outFields=*&f=geojson",
        "retrieved_at": "2026-09-07T19:10:56.976Z"
      },
      "geometry": {
        "type": "Point",
        "coordinates": [
          85.8181000001646,
          20.35904166675885
        ]
      }
    },
    {
      "type": "Feature",
      "id": "fac_school_21171300193",
      "properties": {
        "id": "fac_school_21171300193",
        "name": "O.D.M Public School",
        "facility_type": "SCHOOL",
        "category_detail": "Pr. with Up.Pr. sec. and H.Sec.",
        "management": "Un-Recognised",
        "address": "Sishu Vihar, Patia\nBhubaneswar, Odisha",
        "latitude": 20.345697000070555,
        "longitude": 85.81833099971779,
        "source_type": "REAL",
        "source_name": "BhubaneswarOne GIS (Category MapServer/22 - School OPEPA DISE)",
        "source_url": "http://bhubaneswarone.in/arcgis/rest/services/BhubaneswarOne/Category/MapServer/22/query?where=1%3D1&outFields=*&f=geojson",
        "retrieved_at": "2026-09-07T19:10:56.976Z"
      },
      "geometry": {
        "type": "Point",
        "coordinates": [
          85.81833099971779,
          20.345697000070555
        ]
      }
    },
    {
      "type": "Feature",
      "id": "fac_school_21171300194",
      "properties": {
        "id": "fac_school_21171300194",
        "name": "Patia Girls H.S.",
        "facility_type": "SCHOOL",
        "category_detail": "Upper Pr. and Secondary",
        "management": "Pvt. Aided",
        "address": "Patia\nBhubaneswar, Odisha",
        "latitude": 20.34718699977547,
        "longitude": 85.83818000031333,
        "source_type": "REAL",
        "source_name": "BhubaneswarOne GIS (Category MapServer/22 - School OPEPA DISE)",
        "source_url": "http://bhubaneswarone.in/arcgis/rest/services/BhubaneswarOne/Category/MapServer/22/query?where=1%3D1&outFields=*&f=geojson",
        "retrieved_at": "2026-09-07T19:10:56.976Z"
      },
      "geometry": {
        "type": "Point",
        "coordinates": [
          85.83818000031333,
          20.34718699977547
        ]
      }
    },
    {
      "type": "Feature",
      "id": "fac_school_21171300197",
      "properties": {
        "id": "fac_school_21171300197",
        "name": "Govt. H.S. Prasantivihar",
        "facility_type": "SCHOOL",
        "category_detail": "Secondary Only",
        "management": "Department of Education",
        "address": "220, Prasanti Vihar Road, Prasanti Vihar, Patia\nBhubaneswar, Odisha 751024",
        "latitude": 20.361861110751875,
        "longitude": 85.82032500024324,
        "source_type": "REAL",
        "source_name": "BhubaneswarOne GIS (Category MapServer/22 - School OPEPA DISE)",
        "source_url": "http://bhubaneswarone.in/arcgis/rest/services/BhubaneswarOne/Category/MapServer/22/query?where=1%3D1&outFields=*&f=geojson",
        "retrieved_at": "2026-09-07T19:10:56.976Z"
      },
      "geometry": {
        "type": "Point",
        "coordinates": [
          85.82032500024324,
          20.361861110751875
        ]
      }
    },
    {
      "type": "Feature",
      "id": "fac_school_21171300199",
      "properties": {
        "id": "fac_school_21171300199",
        "name": "VSK.Sailashree Vihar",
        "facility_type": "SCHOOL",
        "category_detail": "Primary with Upper Primary",
        "management": "Pvt. Unaided",
        "address": "Ga Plot-309, Niladree Vihar Road, Sailashree Vihar, Bhubaneswar, Odisha 751021",
        "latitude": 20.336337999889707,
        "longitude": 85.80667199991821,
        "source_type": "REAL",
        "source_name": "BhubaneswarOne GIS (Category MapServer/22 - School OPEPA DISE)",
        "source_url": "http://bhubaneswarone.in/arcgis/rest/services/BhubaneswarOne/Category/MapServer/22/query?where=1%3D1&outFields=*&f=geojson",
        "retrieved_at": "2026-09-07T19:10:56.976Z"
      },
      "geometry": {
        "type": "Point",
        "coordinates": [
          85.80667199991821,
          20.336337999889707
        ]
      }
    },
    {
      "type": "Feature",
      "id": "fac_school_21171300201",
      "properties": {
        "id": "fac_school_21171300201",
        "name": "Chandrasekharpur H.B.C. P S",
        "facility_type": "SCHOOL",
        "category_detail": "Primary",
        "management": "Department of Education",
        "address": "Chandrasekharpur Housing Board Colony Phase 1",
        "latitude": 20.328818999720536,
        "longitude": 85.81892499963458,
        "source_type": "REAL",
        "source_name": "BhubaneswarOne GIS (Category MapServer/22 - School OPEPA DISE)",
        "source_url": "http://bhubaneswarone.in/arcgis/rest/services/BhubaneswarOne/Category/MapServer/22/query?where=1%3D1&outFields=*&f=geojson",
        "retrieved_at": "2026-09-07T19:10:56.976Z"
      },
      "geometry": {
        "type": "Point",
        "coordinates": [
          85.81892499963458,
          20.328818999720536
        ]
      }
    },
    {
      "type": "Feature",
      "id": "fac_school_21171300202",
      "properties": {
        "id": "fac_school_21171300202",
        "name": "Niladri Vihar  Slum  Proj. U P S",
        "facility_type": "SCHOOL",
        "category_detail": "Primary with Upper Primary",
        "management": "Department of Education",
        "address": "Niladri-Vihar Govt. Up School, Niladri Vihar, Chandrasekharpur, Bhubaneswar 751021 ",
        "latitude": 20.326638999750408,
        "longitude": 85.80028800037299,
        "source_type": "REAL",
        "source_name": "BhubaneswarOne GIS (Category MapServer/22 - School OPEPA DISE)",
        "source_url": "http://bhubaneswarone.in/arcgis/rest/services/BhubaneswarOne/Category/MapServer/22/query?where=1%3D1&outFields=*&f=geojson",
        "retrieved_at": "2026-09-07T19:10:56.976Z"
      },
      "geometry": {
        "type": "Point",
        "coordinates": [
          85.80028800037299,
          20.326638999750408
        ]
      }
    },
    {
      "type": "Feature",
      "id": "fac_school_21171300203",
      "properties": {
        "id": "fac_school_21171300203",
        "name": "Niladrivihar P S",
        "facility_type": "SCHOOL",
        "category_detail": "Primary",
        "management": "Department of Education",
        "address": "Niladri-Vihar Govt. Up School, Niladri Vihar, Chandrasekharpur, Bhubaneswar 751021 ",
        "latitude": 20.326388888685226,
        "longitude": 85.80611111086795,
        "source_type": "REAL",
        "source_name": "BhubaneswarOne GIS (Category MapServer/22 - School OPEPA DISE)",
        "source_url": "http://bhubaneswarone.in/arcgis/rest/services/BhubaneswarOne/Category/MapServer/22/query?where=1%3D1&outFields=*&f=geojson",
        "retrieved_at": "2026-09-07T19:10:56.976Z"
      },
      "geometry": {
        "type": "Point",
        "coordinates": [
          85.80611111086795,
          20.326388888685226
        ]
      }
    },
    {
      "type": "Feature",
      "id": "fac_school_21171300251",
      "properties": {
        "id": "fac_school_21171300251",
        "name": "Chandrasekharpur U P.S, CS Pur",
        "facility_type": "SCHOOL",
        "category_detail": "Upper Primary only",
        "management": "Pvt. Aided",
        "address": "Chandrasekharpur Rail Vihar Phase 1, Bhubaneswar, Odisha 751021",
        "latitude": 20.313491000127776,
        "longitude": 85.81335699981888,
        "source_type": "REAL",
        "source_name": "BhubaneswarOne GIS (Category MapServer/22 - School OPEPA DISE)",
        "source_url": "http://bhubaneswarone.in/arcgis/rest/services/BhubaneswarOne/Category/MapServer/22/query?where=1%3D1&outFields=*&f=geojson",
        "retrieved_at": "2026-09-07T19:10:56.976Z"
      },
      "geometry": {
        "type": "Point",
        "coordinates": [
          85.81335699981888,
          20.313491000127776
        ]
      }
    },
    {
      "type": "Feature",
      "id": "fac_school_21171300252",
      "properties": {
        "id": "fac_school_21171300252",
        "name": "Adarsh Vidya Mandir, CS Pur Phase 1",
        "facility_type": "SCHOOL",
        "category_detail": "Primary with Upper Primary",
        "management": "Pvt. Unaided",
        "address": "Niladri Vihar Road, Housing Board Colony Phase 1, Chandrasekharpur, Bhubaneswar, Odisha",
        "latitude": 20.32686699972661,
        "longitude": 85.8171410000369,
        "source_type": "REAL",
        "source_name": "BhubaneswarOne GIS (Category MapServer/22 - School OPEPA DISE)",
        "source_url": "http://bhubaneswarone.in/arcgis/rest/services/BhubaneswarOne/Category/MapServer/22/query?where=1%3D1&outFields=*&f=geojson",
        "retrieved_at": "2026-09-07T19:10:56.976Z"
      },
      "geometry": {
        "type": "Point",
        "coordinates": [
          85.8171410000369,
          20.32686699972661
        ]
      }
    },
    {
      "type": "Feature",
      "id": "fac_school_21171300253",
      "properties": {
        "id": "fac_school_21171300253",
        "name": "Saraswati Sishumandir, Niladri Vihar",
        "facility_type": "SCHOOL",
        "category_detail": "Pr. Up Pr. and Secondary Only",
        "management": "Pvt. Unaided",
        "address": "Niladri Vihar, Chandrasekharpur,Hig Colony, Niladri Vihar, Chandrasekharpur,Bhubaneswar, Odisha 751021",
        "latitude": 20.328572221794627,
        "longitude": 85.80934722207212,
        "source_type": "REAL",
        "source_name": "BhubaneswarOne GIS (Category MapServer/22 - School OPEPA DISE)",
        "source_url": "http://bhubaneswarone.in/arcgis/rest/services/BhubaneswarOne/Category/MapServer/22/query?where=1%3D1&outFields=*&f=geojson",
        "retrieved_at": "2026-09-07T19:10:56.976Z"
      },
      "geometry": {
        "type": "Point",
        "coordinates": [
          85.80934722207212,
          20.328572221794627
        ]
      }
    },
    {
      "type": "Feature",
      "id": "fac_school_21171300255",
      "properties": {
        "id": "fac_school_21171300255",
        "name": "Sitanath U. P. H. S, Sailashree Vihar",
        "facility_type": "SCHOOL",
        "category_detail": "Up. Pr. Secondary and Higher Sec",
        "management": "Pvt. Aided",
        "address": "Phase-Vii, Sailashree Vihar, Chandrasekharpur,Bhubaneswar, Odisha 751021",
        "latitude": 20.331905555908023,
        "longitude": 85.8126222221295,
        "source_type": "REAL",
        "source_name": "BhubaneswarOne GIS (Category MapServer/22 - School OPEPA DISE)",
        "source_url": "http://bhubaneswarone.in/arcgis/rest/services/BhubaneswarOne/Category/MapServer/22/query?where=1%3D1&outFields=*&f=geojson",
        "retrieved_at": "2026-09-07T19:10:56.976Z"
      },
      "geometry": {
        "type": "Point",
        "coordinates": [
          85.8126222221295,
          20.331905555908023
        ]
      }
    },
    {
      "type": "Feature",
      "id": "fac_school_21171300256",
      "properties": {
        "id": "fac_school_21171300256",
        "name": "D.A.V. Pub. Sch. C.S.Pur",
        "facility_type": "SCHOOL",
        "category_detail": "Pr. with Up.Pr. sec. and H.Sec.",
        "management": "Un-Recognised",
        "address": "Sailashree Vihar, Chandrasekharpur,Phase-Vii, Bhubaneswar, Odisha 751021",
        "latitude": 20.33267222219433,
        "longitude": 85.81094444369147,
        "source_type": "REAL",
        "source_name": "BhubaneswarOne GIS (Category MapServer/22 - School OPEPA DISE)",
        "source_url": "http://bhubaneswarone.in/arcgis/rest/services/BhubaneswarOne/Category/MapServer/22/query?where=1%3D1&outFields=*&f=geojson",
        "retrieved_at": "2026-09-07T19:10:56.976Z"
      },
      "geometry": {
        "type": "Point",
        "coordinates": [
          85.81094444369147,
          20.33267222219433
        ]
      }
    },
    {
      "type": "Feature",
      "id": "fac_school_21171300272",
      "properties": {
        "id": "fac_school_21171300272",
        "name": "Chandra Sekhar Vidya Mandir, CS Pur",
        "facility_type": "SCHOOL",
        "category_detail": "Primary",
        "management": "Pvt. Unaided",
        "address": "Niladrivihar, Bhubaneswar, Odisha 751021",
        "latitude": 20.323613000196897,
        "longitude": 85.80471999958368,
        "source_type": "REAL",
        "source_name": "BhubaneswarOne GIS (Category MapServer/22 - School OPEPA DISE)",
        "source_url": "http://bhubaneswarone.in/arcgis/rest/services/BhubaneswarOne/Category/MapServer/22/query?where=1%3D1&outFields=*&f=geojson",
        "retrieved_at": "2026-09-07T19:10:56.976Z"
      },
      "geometry": {
        "type": "Point",
        "coordinates": [
          85.80471999958368,
          20.323613000196897
        ]
      }
    },
    {
      "type": "Feature",
      "id": "fac_school_21171300275",
      "properties": {
        "id": "fac_school_21171300275",
        "name": "Pathanisamanta Shiksha Kendra, CS Pur",
        "facility_type": "SCHOOL",
        "category_detail": "Primary with Upper Primary",
        "management": "Un-Recognised",
        "address": "Sikharchandi Vihar, Patia,Bhubaneswar 751024, India",
        "latitude": 20.3582240003038,
        "longitude": 85.81969899994577,
        "source_type": "REAL",
        "source_name": "BhubaneswarOne GIS (Category MapServer/22 - School OPEPA DISE)",
        "source_url": "http://bhubaneswarone.in/arcgis/rest/services/BhubaneswarOne/Category/MapServer/22/query?where=1%3D1&outFields=*&f=geojson",
        "retrieved_at": "2026-09-07T19:10:56.976Z"
      },
      "geometry": {
        "type": "Point",
        "coordinates": [
          85.81969899994577,
          20.3582240003038
        ]
      }
    },
    {
      "type": "Feature",
      "id": "fac_school_21171300284",
      "properties": {
        "id": "fac_school_21171300284",
        "name": "S.M.M Sishu Vidyalaya For Deaf",
        "facility_type": "SCHOOL",
        "category_detail": "Pr. Up Pr. and Secondary Only",
        "management": "Others",
        "address": "Kananvihar Phase 1",
        "latitude": 20.34382400035556,
        "longitude": 85.82548399956124,
        "source_type": "REAL",
        "source_name": "BhubaneswarOne GIS (Category MapServer/22 - School OPEPA DISE)",
        "source_url": "http://bhubaneswarone.in/arcgis/rest/services/BhubaneswarOne/Category/MapServer/22/query?where=1%3D1&outFields=*&f=geojson",
        "retrieved_at": "2026-09-07T19:10:56.976Z"
      },
      "geometry": {
        "type": "Point",
        "coordinates": [
          85.82548399956124,
          20.34382400035556
        ]
      }
    },
    {
      "type": "Feature",
      "id": "fac_school_21171300303",
      "properties": {
        "id": "fac_school_21171300303",
        "name": "B.D.A.Colony U G U P S. CS Pur",
        "facility_type": "SCHOOL",
        "category_detail": "Primary with Upper Primary",
        "management": "Department of Education",
        "address": "Near Tarini Temple,B.D.A. Colony, Jayadev Vihar,Lig Blocks, Bda Colony, Chandrasekharpur",
        "latitude": 20.320561110740904,
        "longitude": 85.81730000010889,
        "source_type": "REAL",
        "source_name": "BhubaneswarOne GIS (Category MapServer/22 - School OPEPA DISE)",
        "source_url": "http://bhubaneswarone.in/arcgis/rest/services/BhubaneswarOne/Category/MapServer/22/query?where=1%3D1&outFields=*&f=geojson",
        "retrieved_at": "2026-09-07T19:10:56.976Z"
      },
      "geometry": {
        "type": "Point",
        "coordinates": [
          85.81730000010889,
          20.320561110740904
        ]
      }
    },
    {
      "type": "Feature",
      "id": "fac_school_21171300371",
      "properties": {
        "id": "fac_school_21171300371",
        "name": "Govt. H.S. C.S.Pur Phase-I",
        "facility_type": "SCHOOL",
        "category_detail": "Upper Pr. and Secondary",
        "management": "Department of Education",
        "address": "Near Mahavir Temple, Phase - Ii Colony, S.S. Vihar, Chandrasekharpur, Phase 2, Sailashree Vihar, Chandrasekharpur, Bhubaneswar, Odisha 751021",
        "latitude": 20.334346999968933,
        "longitude": 85.81273400046427,
        "source_type": "REAL",
        "source_name": "BhubaneswarOne GIS (Category MapServer/22 - School OPEPA DISE)",
        "source_url": "http://bhubaneswarone.in/arcgis/rest/services/BhubaneswarOne/Category/MapServer/22/query?where=1%3D1&outFields=*&f=geojson",
        "retrieved_at": "2026-09-07T19:10:56.976Z"
      },
      "geometry": {
        "type": "Point",
        "coordinates": [
          85.81273400046427,
          20.334346999968933
        ]
      }
    },
    {
      "type": "Feature",
      "id": "fac_school_21171300372",
      "properties": {
        "id": "fac_school_21171300372",
        "name": "Sarswati Shiksha Kendra, BDA Co",
        "facility_type": "SCHOOL",
        "category_detail": "Primary with Upper Primary",
        "management": "Pvt. Unaided",
        "address": "Forest Colony, Chandrasekharpur, Bhubaneswar Disha",
        "latitude": 20.318256000297175,
        "longitude": 85.81565699981317,
        "source_type": "REAL",
        "source_name": "BhubaneswarOne GIS (Category MapServer/22 - School OPEPA DISE)",
        "source_url": "http://bhubaneswarone.in/arcgis/rest/services/BhubaneswarOne/Category/MapServer/22/query?where=1%3D1&outFields=*&f=geojson",
        "retrieved_at": "2026-09-07T19:10:56.976Z"
      },
      "geometry": {
        "type": "Point",
        "coordinates": [
          85.81565699981317,
          20.318256000297175
        ]
      }
    },
    {
      "type": "Feature",
      "id": "fac_school_21171300373",
      "properties": {
        "id": "fac_school_21171300373",
        "name": "VSK, BDA, CS Pur",
        "facility_type": "SCHOOL",
        "category_detail": "Primary with Upper Primary",
        "management": "Pvt. Unaided",
        "address": "Forest Colony, Chandrasekharpur, Bhubaneswar Disha",
        "latitude": 20.31873799968807,
        "longitude": 85.81608799954509,
        "source_type": "REAL",
        "source_name": "BhubaneswarOne GIS (Category MapServer/22 - School OPEPA DISE)",
        "source_url": "http://bhubaneswarone.in/arcgis/rest/services/BhubaneswarOne/Category/MapServer/22/query?where=1%3D1&outFields=*&f=geojson",
        "retrieved_at": "2026-09-07T19:10:56.976Z"
      },
      "geometry": {
        "type": "Point",
        "coordinates": [
          85.81608799954509,
          20.31873799968807
        ]
      }
    },
    {
      "type": "Feature",
      "id": "fac_school_21171300577",
      "properties": {
        "id": "fac_school_21171300577",
        "name": "Sai International School",
        "facility_type": "SCHOOL",
        "category_detail": "Pr. with Up.Pr. sec. and H.Sec.",
        "management": "Pvt. Unaided",
        "address": "Plot No.5-A, Chandaka Industrial Estate, Infocity Road,K I I T University, Patia,Bhubaneswar, Odisha 751031",
        "latitude": 20.308580555870538,
        "longitude": 85.84896944429453,
        "source_type": "REAL",
        "source_name": "BhubaneswarOne GIS (Category MapServer/22 - School OPEPA DISE)",
        "source_url": "http://bhubaneswarone.in/arcgis/rest/services/BhubaneswarOne/Category/MapServer/22/query?where=1%3D1&outFields=*&f=geojson",
        "retrieved_at": "2026-09-07T19:10:56.976Z"
      },
      "geometry": {
        "type": "Point",
        "coordinates": [
          85.84896944429453,
          20.308580555870538
        ]
      }
    },
    {
      "type": "Feature",
      "id": "fac_school_21171300982",
      "properties": {
        "id": "fac_school_21171300982",
        "name": "Nursury School For Deaf And Dumb",
        "facility_type": "SCHOOL",
        "category_detail": "Primary with Upper Primary",
        "management": "Others",
        "address": "Palaspalli, Bhubaneswar, Odisha 751020",
        "latitude": 20.233560999928958,
        "longitude": 85.8105079995876,
        "source_type": "REAL",
        "source_name": "BhubaneswarOne GIS (Category MapServer/22 - School OPEPA DISE)",
        "source_url": "http://bhubaneswarone.in/arcgis/rest/services/BhubaneswarOne/Category/MapServer/22/query?where=1%3D1&outFields=*&f=geojson",
        "retrieved_at": "2026-09-07T19:10:56.976Z"
      },
      "geometry": {
        "type": "Point",
        "coordinates": [
          85.8105079995876,
          20.233560999928958
        ]
      }
    },
    {
      "type": "Feature",
      "id": "fac_school_21171301201",
      "properties": {
        "id": "fac_school_21171301201",
        "name": "Joganadi P S",
        "facility_type": "SCHOOL",
        "category_detail": "Primary",
        "management": "Department of Education",
        "address": "Barmunda Bus Stand, Bhubaneswar, Odisha 751012",
        "latitude": 20.2743510001369,
        "longitude": 85.79170599990468,
        "source_type": "REAL",
        "source_name": "BhubaneswarOne GIS (Category MapServer/22 - School OPEPA DISE)",
        "source_url": "http://bhubaneswarone.in/arcgis/rest/services/BhubaneswarOne/Category/MapServer/22/query?where=1%3D1&outFields=*&f=geojson",
        "retrieved_at": "2026-09-07T19:10:56.976Z"
      },
      "geometry": {
        "type": "Point",
        "coordinates": [
          85.79170599990468,
          20.2743510001369
        ]
      }
    },
    {
      "type": "Feature",
      "id": "fac_school_21171301202",
      "properties": {
        "id": "fac_school_21171301202",
        "name": "Satyasai Seva Sangha P S",
        "facility_type": "SCHOOL",
        "category_detail": "Primary",
        "management": "Department of Education",
        "address": "Khandagiri ,Bhubaneswar, Odisha 751030",
        "latitude": 20.268374000210745,
        "longitude": 85.78721599982083,
        "source_type": "REAL",
        "source_name": "BhubaneswarOne GIS (Category MapServer/22 - School OPEPA DISE)",
        "source_url": "http://bhubaneswarone.in/arcgis/rest/services/BhubaneswarOne/Category/MapServer/22/query?where=1%3D1&outFields=*&f=geojson",
        "retrieved_at": "2026-09-07T19:10:56.976Z"
      },
      "geometry": {
        "type": "Point",
        "coordinates": [
          85.78721599982083,
          20.268374000210745
        ]
      }
    },
    {
      "type": "Feature",
      "id": "fac_school_21171301203",
      "properties": {
        "id": "fac_school_21171301203",
        "name": "Tapoban H.Sch. Khandagiri",
        "facility_type": "SCHOOL",
        "category_detail": "Upper Pr. and Secondary",
        "management": "Tribal/Social Welfare Dept.",
        "address": "Khandagiri ,Bhubaneswar, Odisha 751030",
        "latitude": 20.26839599974745,
        "longitude": 85.78755699985952,
        "source_type": "REAL",
        "source_name": "BhubaneswarOne GIS (Category MapServer/22 - School OPEPA DISE)",
        "source_url": "http://bhubaneswarone.in/arcgis/rest/services/BhubaneswarOne/Category/MapServer/22/query?where=1%3D1&outFields=*&f=geojson",
        "retrieved_at": "2026-09-07T19:10:56.976Z"
      },
      "geometry": {
        "type": "Point",
        "coordinates": [
          85.78755699985952,
          20.26839599974745
        ]
      }
    },
    {
      "type": "Feature",
      "id": "fac_school_21171301401",
      "properties": {
        "id": "fac_school_21171301401",
        "name": "Aiginia Project U P S",
        "facility_type": "SCHOOL",
        "category_detail": "Primary with Upper Primary",
        "management": "Department of Education",
        "address": "Damduma Road, Bhubaneswar 751019",
        "latitude": 20.24977300024495,
        "longitude": 85.78251000023414,
        "source_type": "REAL",
        "source_name": "BhubaneswarOne GIS (Category MapServer/22 - School OPEPA DISE)",
        "source_url": "http://bhubaneswarone.in/arcgis/rest/services/BhubaneswarOne/Category/MapServer/22/query?where=1%3D1&outFields=*&f=geojson",
        "retrieved_at": "2026-09-07T19:10:56.976Z"
      },
      "geometry": {
        "type": "Point",
        "coordinates": [
          85.78251000023414,
          20.24977300024495
        ]
      }
    },
    {
      "type": "Feature",
      "id": "fac_school_21171301403",
      "properties": {
        "id": "fac_school_21171301403",
        "name": "Ghatikia U P S",
        "facility_type": "SCHOOL",
        "category_detail": "Upper Primary only",
        "management": "Pvt. Aided",
        "address": "Ghatikia Road, Bhubaneswar 751003, India",
        "latitude": 20.2644149999405,
        "longitude": 85.7673820002569,
        "source_type": "REAL",
        "source_name": "BhubaneswarOne GIS (Category MapServer/22 - School OPEPA DISE)",
        "source_url": "http://bhubaneswarone.in/arcgis/rest/services/BhubaneswarOne/Category/MapServer/22/query?where=1%3D1&outFields=*&f=geojson",
        "retrieved_at": "2026-09-07T19:10:56.976Z"
      },
      "geometry": {
        "type": "Point",
        "coordinates": [
          85.7673820002569,
          20.2644149999405
        ]
      }
    },
    {
      "type": "Feature",
      "id": "fac_school_21171301451",
      "properties": {
        "id": "fac_school_21171301451",
        "name": "Sivananda Centenary Boys H S",
        "facility_type": "SCHOOL",
        "category_detail": "Upper Pr. and Secondary",
        "management": "Pvt. Unaided",
        "address": "Kolathia Khandagiri,Bhubaneswar, Odisha 751030",
        "latitude": 20.25510599959076,
        "longitude": 85.78262300030049,
        "source_type": "REAL",
        "source_name": "BhubaneswarOne GIS (Category MapServer/22 - School OPEPA DISE)",
        "source_url": "http://bhubaneswarone.in/arcgis/rest/services/BhubaneswarOne/Category/MapServer/22/query?where=1%3D1&outFields=*&f=geojson",
        "retrieved_at": "2026-09-07T19:10:56.976Z"
      },
      "geometry": {
        "type": "Point",
        "coordinates": [
          85.78262300030049,
          20.25510599959076
        ]
      }
    },
    {
      "type": "Feature",
      "id": "fac_school_21171301452",
      "properties": {
        "id": "fac_school_21171301452",
        "name": "St. Xavier H.S. Khandagiri",
        "facility_type": "SCHOOL",
        "category_detail": "Pr. Up Pr. and Secondary Only",
        "management": "Pvt. Unaided",
        "address": "Khandagiri,Chandaka Road, Khordha,Bhubaneswar, Odisha 751001",
        "latitude": 20.266497222387876,
        "longitude": 85.78537222152364,
        "source_type": "REAL",
        "source_name": "BhubaneswarOne GIS (Category MapServer/22 - School OPEPA DISE)",
        "source_url": "http://bhubaneswarone.in/arcgis/rest/services/BhubaneswarOne/Category/MapServer/22/query?where=1%3D1&outFields=*&f=geojson",
        "retrieved_at": "2026-09-07T19:10:56.976Z"
      },
      "geometry": {
        "type": "Point",
        "coordinates": [
          85.78537222152364,
          20.266497222387876
        ]
      }
    },
    {
      "type": "Feature",
      "id": "fac_school_21171301477",
      "properties": {
        "id": "fac_school_21171301477",
        "name": "Maa Saraswati Sishu Mandir Ghatika",
        "facility_type": "SCHOOL",
        "category_detail": "Primary with Upper Primary",
        "management": "Un-Recognised",
        "address": "Kalinga Nagar ,Bhubaneswar, Odisha 751030",
        "latitude": 20.2644279997105,
        "longitude": 85.76548099993524,
        "source_type": "REAL",
        "source_name": "BhubaneswarOne GIS (Category MapServer/22 - School OPEPA DISE)",
        "source_url": "http://bhubaneswarone.in/arcgis/rest/services/BhubaneswarOne/Category/MapServer/22/query?where=1%3D1&outFields=*&f=geojson",
        "retrieved_at": "2026-09-07T19:10:56.976Z"
      },
      "geometry": {
        "type": "Point",
        "coordinates": [
          85.76548099993524,
          20.2644279997105
        ]
      }
    },
    {
      "type": "Feature",
      "id": "fac_school_21171301480",
      "properties": {
        "id": "fac_school_21171301480",
        "name": "Khandagiri Bari Project P S",
        "facility_type": "SCHOOL",
        "category_detail": "Primary",
        "management": "Department of Education",
        "address": "Khandagiri Bari Bhubaneswar, Odisha 751030",
        "latitude": 20.267890000091715,
        "longitude": 85.77878899982025,
        "source_type": "REAL",
        "source_name": "BhubaneswarOne GIS (Category MapServer/22 - School OPEPA DISE)",
        "source_url": "http://bhubaneswarone.in/arcgis/rest/services/BhubaneswarOne/Category/MapServer/22/query?where=1%3D1&outFields=*&f=geojson",
        "retrieved_at": "2026-09-07T19:10:56.976Z"
      },
      "geometry": {
        "type": "Point",
        "coordinates": [
          85.77878899982025,
          20.267890000091715
        ]
      }
    },
    {
      "type": "Feature",
      "id": "fac_school_56",
      "properties": {
        "id": "fac_school_56",
        "name": "Saraswati Sishu Mandir Phase 5, Dumduma",
        "facility_type": "SCHOOL",
        "category_detail": "Primary with Upper Primary",
        "management": "Pvt. Unaided",
        "address": "Panchasakha Nagar,Bhubaneswar, Odisha 751019",
        "latitude": 20.246689000408438,
        "longitude": 85.79433600030418,
        "source_type": "REAL",
        "source_name": "BhubaneswarOne GIS (Category MapServer/22 - School OPEPA DISE)",
        "source_url": "http://bhubaneswarone.in/arcgis/rest/services/BhubaneswarOne/Category/MapServer/22/query?where=1%3D1&outFields=*&f=geojson",
        "retrieved_at": "2026-09-07T19:10:56.976Z"
      },
      "geometry": {
        "type": "Point",
        "coordinates": [
          85.79433600030418,
          20.246689000408438
        ]
      }
    },
    {
      "type": "Feature",
      "id": "fac_school_21171301901",
      "properties": {
        "id": "fac_school_21171301901",
        "name": "Govt. Boys H S, Unit 9",
        "facility_type": "SCHOOL",
        "category_detail": "Upper Pr. and Secondary",
        "management": "Department of Education",
        "address": "Rama Devi College Rd, Unit- 9, Bhubaneswar(Bhubaneshwar), Odisha",
        "latitude": 20.291853999721702,
        "longitude": 85.83656399989205,
        "source_type": "REAL",
        "source_name": "BhubaneswarOne GIS (Category MapServer/22 - School OPEPA DISE)",
        "source_url": "http://bhubaneswarone.in/arcgis/rest/services/BhubaneswarOne/Category/MapServer/22/query?where=1%3D1&outFields=*&f=geojson",
        "retrieved_at": "2026-09-07T19:10:56.976Z"
      },
      "geometry": {
        "type": "Point",
        "coordinates": [
          85.83656399989205,
          20.291853999721702
        ]
      }
    },
    {
      "type": "Feature",
      "id": "fac_school_21171301902",
      "properties": {
        "id": "fac_school_21171301902",
        "name": "Govt. Girls H S, Unit 9",
        "facility_type": "SCHOOL",
        "category_detail": "Upper Pr. and Secondary",
        "management": "Department of Education",
        "address": "Unit 9, Bhubaneswar, Odisha 751022",
        "latitude": 20.28966999960386,
        "longitude": 85.84034900001393,
        "source_type": "REAL",
        "source_name": "BhubaneswarOne GIS (Category MapServer/22 - School OPEPA DISE)",
        "source_url": "http://bhubaneswarone.in/arcgis/rest/services/BhubaneswarOne/Category/MapServer/22/query?where=1%3D1&outFields=*&f=geojson",
        "retrieved_at": "2026-09-07T19:10:56.976Z"
      },
      "geometry": {
        "type": "Point",
        "coordinates": [
          85.84034900001393,
          20.28966999960386
        ]
      }
    },
    {
      "type": "Feature",
      "id": "fac_school_21171301903",
      "properties": {
        "id": "fac_school_21171301903",
        "name": "O.S.E.B. Colony U G U P S",
        "facility_type": "SCHOOL",
        "category_detail": "Primary with Upper Primary",
        "management": "Department of Education",
        "address": "OPTCL Colony, Bhoi Nagar, Bhubaneswar, Odisha 751022",
        "latitude": 20.294125249395165,
        "longitude": 85.83688500020135,
        "source_type": "REAL",
        "source_name": "BhubaneswarOne GIS (Category MapServer/22 - School OPEPA DISE)",
        "source_url": "http://bhubaneswarone.in/arcgis/rest/services/BhubaneswarOne/Category/MapServer/22/query?where=1%3D1&outFields=*&f=geojson",
        "retrieved_at": "2026-09-07T19:10:56.976Z"
      },
      "geometry": {
        "type": "Point",
        "coordinates": [
          85.83688500020135,
          20.294125249395165
        ]
      }
    },
    {
      "type": "Feature",
      "id": "fac_school_21171301904",
      "properties": {
        "id": "fac_school_21171301904",
        "name": "R.C.C. U G U P S",
        "facility_type": "SCHOOL",
        "category_detail": "Primary with Upper Primary",
        "management": "Department of Education",
        "address": "UNIT- 9\nBhubaneswar, Odisha 751001",
        "latitude": 20.286403999726915,
        "longitude": 85.84024000008,
        "source_type": "REAL",
        "source_name": "BhubaneswarOne GIS (Category MapServer/22 - School OPEPA DISE)",
        "source_url": "http://bhubaneswarone.in/arcgis/rest/services/BhubaneswarOne/Category/MapServer/22/query?where=1%3D1&outFields=*&f=geojson",
        "retrieved_at": "2026-09-07T19:10:56.976Z"
      },
      "geometry": {
        "type": "Point",
        "coordinates": [
          85.84024000008,
          20.286403999726915
        ]
      }
    },
    {
      "type": "Feature",
      "id": "fac_school_21171301974",
      "properties": {
        "id": "fac_school_21171301974",
        "name": "C.C.I.E. Integratal School, Unit-9",
        "facility_type": "SCHOOL",
        "category_detail": "Pr. Up Pr. and Secondary Only",
        "management": "Un-Recognised",
        "address": "Bhoinagar Basti, Bhoi Nagar\nBhubaneswar, Odisha 751022",
        "latitude": 20.295028000315718,
        "longitude": 85.83770499972621,
        "source_type": "REAL",
        "source_name": "BhubaneswarOne GIS (Category MapServer/22 - School OPEPA DISE)",
        "source_url": "http://bhubaneswarone.in/arcgis/rest/services/BhubaneswarOne/Category/MapServer/22/query?where=1%3D1&outFields=*&f=geojson",
        "retrieved_at": "2026-09-07T19:10:56.976Z"
      },
      "geometry": {
        "type": "Point",
        "coordinates": [
          85.83770499972621,
          20.295028000315718
        ]
      }
    },
    {
      "type": "Feature",
      "id": "fac_school_21171302002",
      "properties": {
        "id": "fac_school_21171302002",
        "name": "Sahid Nagar (A) C P S",
        "facility_type": "SCHOOL",
        "category_detail": "Primary",
        "management": "Department of Education",
        "address": "Near Inox Hall,Saheed Nagar, Saheed Nagar, Bhubaneswar, Odisha 753002",
        "latitude": 20.284272999687023,
        "longitude": 85.84837499979153,
        "source_type": "REAL",
        "source_name": "BhubaneswarOne GIS (Category MapServer/22 - School OPEPA DISE)",
        "source_url": "http://bhubaneswarone.in/arcgis/rest/services/BhubaneswarOne/Category/MapServer/22/query?where=1%3D1&outFields=*&f=geojson",
        "retrieved_at": "2026-09-07T19:10:56.976Z"
      },
      "geometry": {
        "type": "Point",
        "coordinates": [
          85.84837499979153,
          20.284272999687023
        ]
      }
    },
    {
      "type": "Feature",
      "id": "fac_school_21171302003",
      "properties": {
        "id": "fac_school_21171302003",
        "name": "Sahid Nagar (B) P S",
        "facility_type": "SCHOOL",
        "category_detail": "Primary",
        "management": "Department of Education",
        "address": "Saheed Nagar, Bhubaneswar, Odisha 751007",
        "latitude": 20.28763100013584,
        "longitude": 85.84761499955032,
        "source_type": "REAL",
        "source_name": "BhubaneswarOne GIS (Category MapServer/22 - School OPEPA DISE)",
        "source_url": "http://bhubaneswarone.in/arcgis/rest/services/BhubaneswarOne/Category/MapServer/22/query?where=1%3D1&outFields=*&f=geojson",
        "retrieved_at": "2026-09-07T19:10:56.976Z"
      },
      "geometry": {
        "type": "Point",
        "coordinates": [
          85.84761499955032,
          20.28763100013584
        ]
      }
    },
    {
      "type": "Feature",
      "id": "fac_school_21171302071",
      "properties": {
        "id": "fac_school_21171302071",
        "name": "Aurobindha Integral Saheed Nagar",
        "facility_type": "SCHOOL",
        "category_detail": "Pr. Up Pr. and Secondary Only",
        "management": "Un-Recognised",
        "address": "Maharishi College Road, Saheed Nagar, Bhubaneswar",
        "latitude": 20.28659400041824,
        "longitude": 85.85321900017954,
        "source_type": "REAL",
        "source_name": "BhubaneswarOne GIS (Category MapServer/22 - School OPEPA DISE)",
        "source_url": "http://bhubaneswarone.in/arcgis/rest/services/BhubaneswarOne/Category/MapServer/22/query?where=1%3D1&outFields=*&f=geojson",
        "retrieved_at": "2026-09-07T19:10:56.976Z"
      },
      "geometry": {
        "type": "Point",
        "coordinates": [
          85.85321900017954,
          20.28659400041824
        ]
      }
    },
    {
      "type": "Feature",
      "id": "fac_school_21171302072",
      "properties": {
        "id": "fac_school_21171302072",
        "name": "Vivekananda Sikshya Kendra Saheed N",
        "facility_type": "SCHOOL",
        "category_detail": "Primary with Upper Primary",
        "management": "Un-Recognised",
        "address": "Near Central School, Unit-9, Unit- 9, Bhubaneswar, Odisha 751002",
        "latitude": 20.282884000201687,
        "longitude": 85.84304899999641,
        "source_type": "REAL",
        "source_name": "BhubaneswarOne GIS (Category MapServer/22 - School OPEPA DISE)",
        "source_url": "http://bhubaneswarone.in/arcgis/rest/services/BhubaneswarOne/Category/MapServer/22/query?where=1%3D1&outFields=*&f=geojson",
        "retrieved_at": "2026-09-07T19:10:56.976Z"
      },
      "geometry": {
        "type": "Point",
        "coordinates": [
          85.84304899999641,
          20.282884000201687
        ]
      }
    },
    {
      "type": "Feature",
      "id": "fac_school_21171302706",
      "properties": {
        "id": "fac_school_21171302706",
        "name": "Kendriya Vidyalaya-1(A)",
        "facility_type": "SCHOOL",
        "category_detail": "Pr. Up Pr. and Secondary Only",
        "management": "Central Govt.",
        "address": "UNIT- 9\nBhubaneswar, Odisha 751001",
        "latitude": 20.281286000001646,
        "longitude": 85.83858399967741,
        "source_type": "REAL",
        "source_name": "BhubaneswarOne GIS (Category MapServer/22 - School OPEPA DISE)",
        "source_url": "http://bhubaneswarone.in/arcgis/rest/services/BhubaneswarOne/Category/MapServer/22/query?where=1%3D1&outFields=*&f=geojson",
        "retrieved_at": "2026-09-07T19:10:56.976Z"
      },
      "geometry": {
        "type": "Point",
        "coordinates": [
          85.83858399967741,
          20.281286000001646
        ]
      }
    },
    {
      "type": "Feature",
      "id": "fac_school_21171302272",
      "properties": {
        "id": "fac_school_21171302272",
        "name": "Bharatiya Vidyalaya M.E, H.S",
        "facility_type": "SCHOOL",
        "category_detail": "Upper Pr. and Secondary",
        "management": "Pvt. Aided",
        "address": "Central School Rd ,UNIT- 9\nBhubaneswar, Odisha 751022",
        "latitude": 20.2815513815223,
        "longitude": 85.83880690217593,
        "source_type": "REAL",
        "source_name": "BhubaneswarOne GIS (Category MapServer/22 - School OPEPA DISE)",
        "source_url": "http://bhubaneswarone.in/arcgis/rest/services/BhubaneswarOne/Category/MapServer/22/query?where=1%3D1&outFields=*&f=geojson",
        "retrieved_at": "2026-09-07T19:10:56.976Z"
      },
      "geometry": {
        "type": "Point",
        "coordinates": [
          85.83880690217593,
          20.2815513815223
        ]
      }
    },
    {
      "type": "Feature",
      "id": "fac_school_21171302701",
      "properties": {
        "id": "fac_school_21171302701",
        "name": "Bbc Sch. For The Deaf",
        "facility_type": "SCHOOL",
        "category_detail": "Pr. Up Pr. and Secondary Only",
        "management": "Department of Education",
        "address": "Near School, Unit 4, Bhubaneswar, Odisha 751022",
        "latitude": 20.28091200001623,
        "longitude": 85.83847300022687,
        "source_type": "REAL",
        "source_name": "BhubaneswarOne GIS (Category MapServer/22 - School OPEPA DISE)",
        "source_url": "http://bhubaneswarone.in/arcgis/rest/services/BhubaneswarOne/Category/MapServer/22/query?where=1%3D1&outFields=*&f=geojson",
        "retrieved_at": "2026-09-07T19:10:56.976Z"
      },
      "geometry": {
        "type": "Point",
        "coordinates": [
          85.83847300022687,
          20.28091200001623
        ]
      }
    },
    {
      "type": "Feature",
      "id": "fac_school_21171302703",
      "properties": {
        "id": "fac_school_21171302703",
        "name": "Bhima Bhoi Sch. For The Blind",
        "facility_type": "SCHOOL",
        "category_detail": "Pr. Up Pr. and Secondary Only",
        "management": "Department of Education",
        "address": "Near Sbi Atm, Unit- 4, Bhubaneswar, Odisha 751004",
        "latitude": 20.279564000290645,
        "longitude": 85.83775400031803,
        "source_type": "REAL",
        "source_name": "BhubaneswarOne GIS (Category MapServer/22 - School OPEPA DISE)",
        "source_url": "http://bhubaneswarone.in/arcgis/rest/services/BhubaneswarOne/Category/MapServer/22/query?where=1%3D1&outFields=*&f=geojson",
        "retrieved_at": "2026-09-07T19:10:56.976Z"
      },
      "geometry": {
        "type": "Point",
        "coordinates": [
          85.83775400031803,
          20.279564000290645
        ]
      }
    },
    {
      "type": "Feature",
      "id": "fac_school_21171302704",
      "properties": {
        "id": "fac_school_21171302704",
        "name": "Gopabandhu Nagar U G U P S",
        "facility_type": "SCHOOL",
        "category_detail": "Primary with Upper Primary",
        "management": "Department of Education",
        "address": "3, Madhusudan Marg, UNIT- 9\nBhubaneswar, Odisha 751001",
        "latitude": 20.2785719998233,
        "longitude": 85.84118400034339,
        "source_type": "REAL",
        "source_name": "BhubaneswarOne GIS (Category MapServer/22 - School OPEPA DISE)",
        "source_url": "http://bhubaneswarone.in/arcgis/rest/services/BhubaneswarOne/Category/MapServer/22/query?where=1%3D1&outFields=*&f=geojson",
        "retrieved_at": "2026-09-07T19:10:56.976Z"
      },
      "geometry": {
        "type": "Point",
        "coordinates": [
          85.84118400034339,
          20.2785719998233
        ]
      }
    },
    {
      "type": "Feature",
      "id": "fac_school_21171302705",
      "properties": {
        "id": "fac_school_21171302705",
        "name": "Unit 3 Capital H.S.",
        "facility_type": "SCHOOL",
        "category_detail": "Upper Pr. and Secondary",
        "management": "Department of Education",
        "address": "Madhusudan Marg, Unit - 3, Bhubaneswar, Odisha 751001",
        "latitude": 20.278869999867073,
        "longitude": 85.84037899986353,
        "source_type": "REAL",
        "source_name": "BhubaneswarOne GIS (Category MapServer/22 - School OPEPA DISE)",
        "source_url": "http://bhubaneswarone.in/arcgis/rest/services/BhubaneswarOne/Category/MapServer/22/query?where=1%3D1&outFields=*&f=geojson",
        "retrieved_at": "2026-09-07T19:10:56.976Z"
      },
      "geometry": {
        "type": "Point",
        "coordinates": [
          85.84037899986353,
          20.278869999867073
        ]
      }
    },
    {
      "type": "Feature",
      "id": "fac_school_21171302775",
      "properties": {
        "id": "fac_school_21171302775",
        "name": "St. Josep H.S. Unit-3",
        "facility_type": "SCHOOL",
        "category_detail": "Pr. Up Pr. and Secondary Only",
        "management": "Un-Recognised",
        "address": "Madhusudan Marg, Kharvel Nagar, Ekamra Vihar, Unit- 9, Bhubaneswar, Odisha 751022",
        "latitude": 20.27843699977538,
        "longitude": 85.84267899989521,
        "source_type": "REAL",
        "source_name": "BhubaneswarOne GIS (Category MapServer/22 - School OPEPA DISE)",
        "source_url": "http://bhubaneswarone.in/arcgis/rest/services/BhubaneswarOne/Category/MapServer/22/query?where=1%3D1&outFields=*&f=geojson",
        "retrieved_at": "2026-09-07T19:10:56.976Z"
      },
      "geometry": {
        "type": "Point",
        "coordinates": [
          85.84267899989521,
          20.27843699977538
        ]
      }
    },
    {
      "type": "Feature",
      "id": "fac_school_21171302776",
      "properties": {
        "id": "fac_school_21171302776",
        "name": "M.B.S Public School Unit-III",
        "facility_type": "SCHOOL",
        "category_detail": "Primary with Upper Primary",
        "management": "Pvt. Unaided",
        "address": "Unit- 4, Bhubaneswar, Odisha 751004",
        "latitude": 20.279397000074287,
        "longitude": 85.8365470001264,
        "source_type": "REAL",
        "source_name": "BhubaneswarOne GIS (Category MapServer/22 - School OPEPA DISE)",
        "source_url": "http://bhubaneswarone.in/arcgis/rest/services/BhubaneswarOne/Category/MapServer/22/query?where=1%3D1&outFields=*&f=geojson",
        "retrieved_at": "2026-09-07T19:10:56.976Z"
      },
      "geometry": {
        "type": "Point",
        "coordinates": [
          85.8365470001264,
          20.279397000074287
        ]
      }
    },
    {
      "type": "Feature",
      "id": "fac_school_21171302806",
      "properties": {
        "id": "fac_school_21171302806",
        "name": "Ghatikia P S",
        "facility_type": "SCHOOL",
        "category_detail": "Primary",
        "management": "Department of Education",
        "address": "Ghatikia, Bhubaneswar, Odisha 751030",
        "latitude": 20.267413999992133,
        "longitude": 85.76975500000357,
        "source_type": "REAL",
        "source_name": "BhubaneswarOne GIS (Category MapServer/22 - School OPEPA DISE)",
        "source_url": "http://bhubaneswarone.in/arcgis/rest/services/BhubaneswarOne/Category/MapServer/22/query?where=1%3D1&outFields=*&f=geojson",
        "retrieved_at": "2026-09-07T19:10:56.976Z"
      },
      "geometry": {
        "type": "Point",
        "coordinates": [
          85.76975500000357,
          20.267413999992133
        ]
      }
    },
    {
      "type": "Feature",
      "id": "fac_school_21171301479",
      "properties": {
        "id": "fac_school_21171301479",
        "name": "Kolathia Proj. P S",
        "facility_type": "SCHOOL",
        "category_detail": "Primary",
        "management": "Department of Education",
        "address": "Near Binapani Sishu Mandir, Kolathia, Shreekhetra Vihar, Khandagiri, Bhubaneswar, Odisha 751030",
        "latitude": 20.253738999849283,
        "longitude": 85.77829100004976,
        "source_type": "REAL",
        "source_name": "BhubaneswarOne GIS (Category MapServer/22 - School OPEPA DISE)",
        "source_url": "http://bhubaneswarone.in/arcgis/rest/services/BhubaneswarOne/Category/MapServer/22/query?where=1%3D1&outFields=*&f=geojson",
        "retrieved_at": "2026-09-07T19:10:56.976Z"
      },
      "geometry": {
        "type": "Point",
        "coordinates": [
          85.77829100004976,
          20.253738999849283
        ]
      }
    },
    {
      "type": "Feature",
      "id": "fac_school_21171303001",
      "properties": {
        "id": "fac_school_21171303001",
        "name": "Agriculture Colony P S",
        "facility_type": "SCHOOL",
        "category_detail": "Primary",
        "management": "Department of Education",
        "address": "Siripur, Unit - 8, Bhubaneswar, Odisha 751012",
        "latitude": 20.26554500013467,
        "longitude": 85.8119060001292,
        "source_type": "REAL",
        "source_name": "BhubaneswarOne GIS (Category MapServer/22 - School OPEPA DISE)",
        "source_url": "http://bhubaneswarone.in/arcgis/rest/services/BhubaneswarOne/Category/MapServer/22/query?where=1%3D1&outFields=*&f=geojson",
        "retrieved_at": "2026-09-07T19:10:56.976Z"
      },
      "geometry": {
        "type": "Point",
        "coordinates": [
          85.8119060001292,
          20.26554500013467
        ]
      }
    },
    {
      "type": "Feature",
      "id": "fac_school_21171303002",
      "properties": {
        "id": "fac_school_21171303002",
        "name": "Siripur Ashram School",
        "facility_type": "SCHOOL",
        "category_detail": "Primary with Upper Primary",
        "management": "Tribal/Social Welfare Dept.",
        "address": "Infront Ouat Campus, Siripur, Unit - 8, Bhubaneswar, Odisha 751012",
        "latitude": 20.26681600016985,
        "longitude": 85.8099809997692,
        "source_type": "REAL",
        "source_name": "BhubaneswarOne GIS (Category MapServer/22 - School OPEPA DISE)",
        "source_url": "http://bhubaneswarone.in/arcgis/rest/services/BhubaneswarOne/Category/MapServer/22/query?where=1%3D1&outFields=*&f=geojson",
        "retrieved_at": "2026-09-07T19:10:56.976Z"
      },
      "geometry": {
        "type": "Point",
        "coordinates": [
          85.8099809997692,
          20.26681600016985
        ]
      }
    },
    {
      "type": "Feature",
      "id": "fac_school_21171303103",
      "properties": {
        "id": "fac_school_21171303103",
        "name": "Govt. H.S. Khandagiri",
        "facility_type": "SCHOOL",
        "category_detail": "Upper Pr. and Secondary",
        "management": "Department of Education",
        "address": "Jagamara, Bhubaneswar, Odisha 751030",
        "latitude": 20.254050000256566,
        "longitude": 85.7833980001386,
        "source_type": "REAL",
        "source_name": "BhubaneswarOne GIS (Category MapServer/22 - School OPEPA DISE)",
        "source_url": "http://bhubaneswarone.in/arcgis/rest/services/BhubaneswarOne/Category/MapServer/22/query?where=1%3D1&outFields=*&f=geojson",
        "retrieved_at": "2026-09-07T19:10:56.976Z"
      },
      "geometry": {
        "type": "Point",
        "coordinates": [
          85.7833980001386,
          20.254050000256566
        ]
      }
    },
    {
      "type": "Feature",
      "id": "fac_school_21171303201",
      "properties": {
        "id": "fac_school_21171303201",
        "name": "Dumuduma Raghunath Nagar P S",
        "facility_type": "SCHOOL",
        "category_detail": "Primary",
        "management": "Department of Education",
        "address": "Dumuduma Raghunath Nagar, Bhubaneswar, Odisha 751019",
        "latitude": 20.2357620003227,
        "longitude": 85.78810299991147,
        "source_type": "REAL",
        "source_name": "BhubaneswarOne GIS (Category MapServer/22 - School OPEPA DISE)",
        "source_url": "http://bhubaneswarone.in/arcgis/rest/services/BhubaneswarOne/Category/MapServer/22/query?where=1%3D1&outFields=*&f=geojson",
        "retrieved_at": "2026-09-07T19:10:56.976Z"
      },
      "geometry": {
        "type": "Point",
        "coordinates": [
          85.78810299991147,
          20.2357620003227
        ]
      }
    },
    {
      "type": "Feature",
      "id": "fac_school_21171303202",
      "properties": {
        "id": "fac_school_21171303202",
        "name": "Gandamunda Prj. U G H S",
        "facility_type": "SCHOOL",
        "category_detail": "Primary with Upper Primary",
        "management": "Department of Education",
        "address": "Gandamunda,  Bhubaneswar, Odisha 751020",
        "latitude": 20.253983000252983,
        "longitude": 85.80556999990462,
        "source_type": "REAL",
        "source_name": "BhubaneswarOne GIS (Category MapServer/22 - School OPEPA DISE)",
        "source_url": "http://bhubaneswarone.in/arcgis/rest/services/BhubaneswarOne/Category/MapServer/22/query?where=1%3D1&outFields=*&f=geojson",
        "retrieved_at": "2026-09-07T19:10:56.976Z"
      },
      "geometry": {
        "type": "Point",
        "coordinates": [
          85.80556999990462,
          20.253983000252983
        ]
      }
    },
    {
      "type": "Feature",
      "id": "fac_school_21171303203",
      "properties": {
        "id": "fac_school_21171303203",
        "name": "Pokhariput P S",
        "facility_type": "SCHOOL",
        "category_detail": "Primary",
        "management": "Department of Education",
        "address": "Pokhariput, Bhubaneswar, Odisha 751020",
        "latitude": 20.238089999802362,
        "longitude": 85.80664100030785,
        "source_type": "REAL",
        "source_name": "BhubaneswarOne GIS (Category MapServer/22 - School OPEPA DISE)",
        "source_url": "http://bhubaneswarone.in/arcgis/rest/services/BhubaneswarOne/Category/MapServer/22/query?where=1%3D1&outFields=*&f=geojson",
        "retrieved_at": "2026-09-07T19:10:56.976Z"
      },
      "geometry": {
        "type": "Point",
        "coordinates": [
          85.80664100030785,
          20.238089999802362
        ]
      }
    },
    {
      "type": "Feature",
      "id": "fac_school_83",
      "properties": {
        "id": "fac_school_83",
        "name": "Raghunath Nagar P S",
        "facility_type": "SCHOOL",
        "category_detail": "Primary",
        "management": "Department of Education",
        "address": "Dumuduma Raghunath Nagar, Bhubaneswar, Odisha 751019",
        "latitude": 20.236703000227877,
        "longitude": 85.78925800016607,
        "source_type": "REAL",
        "source_name": "BhubaneswarOne GIS (Category MapServer/22 - School OPEPA DISE)",
        "source_url": "http://bhubaneswarone.in/arcgis/rest/services/BhubaneswarOne/Category/MapServer/22/query?where=1%3D1&outFields=*&f=geojson",
        "retrieved_at": "2026-09-07T19:10:56.976Z"
      },
      "geometry": {
        "type": "Point",
        "coordinates": [
          85.78925800016607,
          20.236703000227877
        ]
      }
    },
    {
      "type": "Feature",
      "id": "fac_school_21171303271",
      "properties": {
        "id": "fac_school_21171303271",
        "name": "Bhakta Madhu S K, Gandamunda",
        "facility_type": "SCHOOL",
        "category_detail": "Primary with Upper Primary",
        "management": "Un-Recognised",
        "address": "1480 Plot No. Gandamunda,  Bhubaneswar, Odisha 751030",
        "latitude": 20.253643000268212,
        "longitude": 85.80498700012406,
        "source_type": "REAL",
        "source_name": "BhubaneswarOne GIS (Category MapServer/22 - School OPEPA DISE)",
        "source_url": "http://bhubaneswarone.in/arcgis/rest/services/BhubaneswarOne/Category/MapServer/22/query?where=1%3D1&outFields=*&f=geojson",
        "retrieved_at": "2026-09-07T19:10:56.976Z"
      },
      "geometry": {
        "type": "Point",
        "coordinates": [
          85.80498700012406,
          20.253643000268212
        ]
      }
    },
    {
      "type": "Feature",
      "id": "fac_school_21171303272",
      "properties": {
        "id": "fac_school_21171303272",
        "name": "D.A.V. Public Sch. Pokhariput",
        "facility_type": "SCHOOL",
        "category_detail": "Pr. with Up.Pr. sec. and H.Sec.",
        "management": "Pvt. Unaided",
        "address": "Opp Uco Bank, Ananta Vihar, Pokhariput, Bhubaneswar, Odisha 751020",
        "latitude": 20.234999000168106,
        "longitude": 85.81196899966488,
        "source_type": "REAL",
        "source_name": "BhubaneswarOne GIS (Category MapServer/22 - School OPEPA DISE)",
        "source_url": "http://bhubaneswarone.in/arcgis/rest/services/BhubaneswarOne/Category/MapServer/22/query?where=1%3D1&outFields=*&f=geojson",
        "retrieved_at": "2026-09-07T19:10:56.976Z"
      },
      "geometry": {
        "type": "Point",
        "coordinates": [
          85.81196899966488,
          20.234999000168106
        ]
      }
    },
    {
      "type": "Feature",
      "id": "fac_school_21171303301",
      "properties": {
        "id": "fac_school_21171303301",
        "name": "Dumduma HBC U P S",
        "facility_type": "SCHOOL",
        "category_detail": "Primary with Upper Primary",
        "management": "Department of Education",
        "address": "Phase-1 Market, Dumduma, Bhubaneswar, Odisha 751019",
        "latitude": 20.242158000180112,
        "longitude": 85.78587199974595,
        "source_type": "REAL",
        "source_name": "BhubaneswarOne GIS (Category MapServer/22 - School OPEPA DISE)",
        "source_url": "http://bhubaneswarone.in/arcgis/rest/services/BhubaneswarOne/Category/MapServer/22/query?where=1%3D1&outFields=*&f=geojson",
        "retrieved_at": "2026-09-07T19:10:56.976Z"
      },
      "geometry": {
        "type": "Point",
        "coordinates": [
          85.78587199974595,
          20.242158000180112
        ]
      }
    },
    {
      "type": "Feature",
      "id": "fac_school_21171303302",
      "properties": {
        "id": "fac_school_21171303302",
        "name": "Dumduma Village P S",
        "facility_type": "SCHOOL",
        "category_detail": "Primary with Upper Primary",
        "management": "Department of Education",
        "address": "Dumduma Village Phase 4, Bhubaneswar, Odisha 751019",
        "latitude": 20.244683000405733,
        "longitude": 85.79329300000214,
        "source_type": "REAL",
        "source_name": "BhubaneswarOne GIS (Category MapServer/22 - School OPEPA DISE)",
        "source_url": "http://bhubaneswarone.in/arcgis/rest/services/BhubaneswarOne/Category/MapServer/22/query?where=1%3D1&outFields=*&f=geojson",
        "retrieved_at": "2026-09-07T19:10:56.976Z"
      },
      "geometry": {
        "type": "Point",
        "coordinates": [
          85.79329300000214,
          20.244683000405733
        ]
      }
    },
    {
      "type": "Feature",
      "id": "fac_school_21171303303",
      "properties": {
        "id": "fac_school_21171303303",
        "name": "Jadupur Prj.U P S",
        "facility_type": "SCHOOL",
        "category_detail": "Primary with Upper Primary",
        "management": "Department of Education",
        "address": "Jadupur, Khurda, Bhubaneswar, Odisha 751019",
        "latitude": 20.235496999941542,
        "longitude": 85.79462099992429,
        "source_type": "REAL",
        "source_name": "BhubaneswarOne GIS (Category MapServer/22 - School OPEPA DISE)",
        "source_url": "http://bhubaneswarone.in/arcgis/rest/services/BhubaneswarOne/Category/MapServer/22/query?where=1%3D1&outFields=*&f=geojson",
        "retrieved_at": "2026-09-07T19:10:56.976Z"
      },
      "geometry": {
        "type": "Point",
        "coordinates": [
          85.79462099992429,
          20.235496999941542
        ]
      }
    },
    {
      "type": "Feature",
      "id": "fac_school_21171303304",
      "properties": {
        "id": "fac_school_21171303304",
        "name": "Mir Farid Memorial P S",
        "facility_type": "SCHOOL",
        "category_detail": "Primary",
        "management": "Department of Education",
        "address": "Jadupur, Khurda, Bhubaneswar, Odisha 751019",
        "latitude": 20.2349949998468,
        "longitude": 85.7910109998609,
        "source_type": "REAL",
        "source_name": "BhubaneswarOne GIS (Category MapServer/22 - School OPEPA DISE)",
        "source_url": "http://bhubaneswarone.in/arcgis/rest/services/BhubaneswarOne/Category/MapServer/22/query?where=1%3D1&outFields=*&f=geojson",
        "retrieved_at": "2026-09-07T19:10:56.976Z"
      },
      "geometry": {
        "type": "Point",
        "coordinates": [
          85.7910109998609,
          20.2349949998468
        ]
      }
    },
    {
      "type": "Feature",
      "id": "fac_school_21171303305",
      "properties": {
        "id": "fac_school_21171303305",
        "name": "Syad Mamtaj Ali H.S. Jadapur",
        "facility_type": "SCHOOL",
        "category_detail": "Upper Pr. and Secondary",
        "management": "Department of Education",
        "address": "Jadupur, Khurda, Bhubaneswar, Odisha 751019",
        "latitude": 20.23255700036828,
        "longitude": 85.79127399993644,
        "source_type": "REAL",
        "source_name": "BhubaneswarOne GIS (Category MapServer/22 - School OPEPA DISE)",
        "source_url": "http://bhubaneswarone.in/arcgis/rest/services/BhubaneswarOne/Category/MapServer/22/query?where=1%3D1&outFields=*&f=geojson",
        "retrieved_at": "2026-09-07T19:10:56.976Z"
      },
      "geometry": {
        "type": "Point",
        "coordinates": [
          85.79127399993644,
          20.23255700036828
        ]
      }
    },
    {
      "type": "Feature",
      "id": "fac_school_21171303352",
      "properties": {
        "id": "fac_school_21171303352",
        "name": "Sri Sathya Sai U P S",
        "facility_type": "SCHOOL",
        "category_detail": "Primary with Upper Primary",
        "management": "Pvt. Unaided",
        "address": "Jadupur, Khurda, Bhubaneswar, Odisha 751019",
        "latitude": 20.236321000165237,
        "longitude": 85.78999099963923,
        "source_type": "REAL",
        "source_name": "BhubaneswarOne GIS (Category MapServer/22 - School OPEPA DISE)",
        "source_url": "http://bhubaneswarone.in/arcgis/rest/services/BhubaneswarOne/Category/MapServer/22/query?where=1%3D1&outFields=*&f=geojson",
        "retrieved_at": "2026-09-07T19:10:56.976Z"
      },
      "geometry": {
        "type": "Point",
        "coordinates": [
          85.78999099963923,
          20.236321000165237
        ]
      }
    },
    {
      "type": "Feature",
      "id": "fac_school_21171303371",
      "properties": {
        "id": "fac_school_21171303371",
        "name": "Bhaktakabi Madhusudan U P.S, Dumuduma",
        "facility_type": "SCHOOL",
        "category_detail": "Primary with Upper Primary",
        "management": "Un-Recognised",
        "address": "1109 Plot Phase 5 , Bhubaneswar, Odisha 751019",
        "latitude": 20.240865999768975,
        "longitude": 85.79020100005235,
        "source_type": "REAL",
        "source_name": "BhubaneswarOne GIS (Category MapServer/22 - School OPEPA DISE)",
        "source_url": "http://bhubaneswarone.in/arcgis/rest/services/BhubaneswarOne/Category/MapServer/22/query?where=1%3D1&outFields=*&f=geojson",
        "retrieved_at": "2026-09-07T19:10:56.976Z"
      },
      "geometry": {
        "type": "Point",
        "coordinates": [
          85.79020100005235,
          20.240865999768975
        ]
      }
    },
    {
      "type": "Feature",
      "id": "fac_school_21171303373",
      "properties": {
        "id": "fac_school_21171303373",
        "name": "Guidance E.M.School",
        "facility_type": "SCHOOL",
        "category_detail": "Pr. Up Pr. and Secondary Only",
        "management": "Un-Recognised",
        "address": "Plot No-1125/1, Phase-1 Market, Dumduma, Bhubaneswar, Odisha 751019",
        "latitude": 20.24150099975492,
        "longitude": 85.78616999999525,
        "source_type": "REAL",
        "source_name": "BhubaneswarOne GIS (Category MapServer/22 - School OPEPA DISE)",
        "source_url": "http://bhubaneswarone.in/arcgis/rest/services/BhubaneswarOne/Category/MapServer/22/query?where=1%3D1&outFields=*&f=geojson",
        "retrieved_at": "2026-09-07T19:10:56.976Z"
      },
      "geometry": {
        "type": "Point",
        "coordinates": [
          85.78616999999525,
          20.24150099975492
        ]
      }
    },
    {
      "type": "Feature",
      "id": "fac_school_21171303376",
      "properties": {
        "id": "fac_school_21171303376",
        "name": "Nabaruna Vidya Mandir, Dumuduma",
        "facility_type": "SCHOOL",
        "category_detail": "Pr. Up Pr. and Secondary Only",
        "management": "Un-Recognised",
        "address": "Dumduma Hbc Phase 4, Bhubaneswar, Odisha 751019",
        "latitude": 20.24542600005585,
        "longitude": 85.79225799982389,
        "source_type": "REAL",
        "source_name": "BhubaneswarOne GIS (Category MapServer/22 - School OPEPA DISE)",
        "source_url": "http://bhubaneswarone.in/arcgis/rest/services/BhubaneswarOne/Category/MapServer/22/query?where=1%3D1&outFields=*&f=geojson",
        "retrieved_at": "2026-09-07T19:10:56.976Z"
      },
      "geometry": {
        "type": "Point",
        "coordinates": [
          85.79225799982389,
          20.24542600005585
        ]
      }
    },
    {
      "type": "Feature",
      "id": "fac_school_21171303378",
      "properties": {
        "id": "fac_school_21171303378",
        "name": "Orissa Public P.S, Dumuduma Ph-2",
        "facility_type": "SCHOOL",
        "category_detail": "Primary with Upper Primary",
        "management": "Un-Recognised",
        "address": "Phase 2 Dumduma , Bhubaneswar, Odisha 751019",
        "latitude": 20.24398599973189,
        "longitude": 85.7900549998568,
        "source_type": "REAL",
        "source_name": "BhubaneswarOne GIS (Category MapServer/22 - School OPEPA DISE)",
        "source_url": "http://bhubaneswarone.in/arcgis/rest/services/BhubaneswarOne/Category/MapServer/22/query?where=1%3D1&outFields=*&f=geojson",
        "retrieved_at": "2026-09-07T19:10:56.976Z"
      },
      "geometry": {
        "type": "Point",
        "coordinates": [
          85.7900549998568,
          20.24398599973189
        ]
      }
    },
    {
      "type": "Feature",
      "id": "fac_school_21171303381",
      "properties": {
        "id": "fac_school_21171303381",
        "name": "Sri Sai Saraswati Sch, Dum,Uduma P",
        "facility_type": "SCHOOL",
        "category_detail": "Primary with Upper Primary",
        "management": "Un-Recognised",
        "address": "Dumduma Hbc Phase 4, Bhubaneswar, Odisha 751019",
        "latitude": 20.2455699997705,
        "longitude": 85.79050899983332,
        "source_type": "REAL",
        "source_name": "BhubaneswarOne GIS (Category MapServer/22 - School OPEPA DISE)",
        "source_url": "http://bhubaneswarone.in/arcgis/rest/services/BhubaneswarOne/Category/MapServer/22/query?where=1%3D1&outFields=*&f=geojson",
        "retrieved_at": "2026-09-07T19:10:56.976Z"
      },
      "geometry": {
        "type": "Point",
        "coordinates": [
          85.79050899983332,
          20.2455699997705
        ]
      }
    },
    {
      "type": "Feature",
      "id": "fac_school_21171303382",
      "properties": {
        "id": "fac_school_21171303382",
        "name": "Vivekananda Shiksha Kendra, Dumduma",
        "facility_type": "SCHOOL",
        "category_detail": "Primary with Upper Primary",
        "management": "Un-Recognised",
        "address": "Phase Ii Dumduma Hbc, Bhubaneswar, Odisha 751019",
        "latitude": 20.244521999969905,
        "longitude": 85.79229100014496,
        "source_type": "REAL",
        "source_name": "BhubaneswarOne GIS (Category MapServer/22 - School OPEPA DISE)",
        "source_url": "http://bhubaneswarone.in/arcgis/rest/services/BhubaneswarOne/Category/MapServer/22/query?where=1%3D1&outFields=*&f=geojson",
        "retrieved_at": "2026-09-07T19:10:56.976Z"
      },
      "geometry": {
        "type": "Point",
        "coordinates": [
          85.79229100014496,
          20.244521999969905
        ]
      }
    },
    {
      "type": "Feature",
      "id": "fac_school_21171303383",
      "properties": {
        "id": "fac_school_21171303383",
        "name": "S.S Vidhya Mandir Phase 2, Dumduma",
        "facility_type": "SCHOOL",
        "category_detail": "Primary with Upper Primary",
        "management": "Un-Recognised",
        "address": "Panchasakha Nagar Near Shiva Temple ,Bhubaneswar, Odisha 751019",
        "latitude": 20.248919999770965,
        "longitude": 85.79633299972153,
        "source_type": "REAL",
        "source_name": "BhubaneswarOne GIS (Category MapServer/22 - School OPEPA DISE)",
        "source_url": "http://bhubaneswarone.in/arcgis/rest/services/BhubaneswarOne/Category/MapServer/22/query?where=1%3D1&outFields=*&f=geojson",
        "retrieved_at": "2026-09-07T19:10:56.976Z"
      },
      "geometry": {
        "type": "Point",
        "coordinates": [
          85.79633299972153,
          20.248919999770965
        ]
      }
    },
    {
      "type": "Feature",
      "id": "fac_school_21171303385",
      "properties": {
        "id": "fac_school_21171303385",
        "name": "Ambedakar Shiksha Kendra  Jadupur",
        "facility_type": "SCHOOL",
        "category_detail": "Primary with Upper Primary",
        "management": "Un-Recognised",
        "address": "Jadupur, Khurda, Bhubaneswar, Odisha 751019",
        "latitude": 20.232900999800947,
        "longitude": 85.79134099990274,
        "source_type": "REAL",
        "source_name": "BhubaneswarOne GIS (Category MapServer/22 - School OPEPA DISE)",
        "source_url": "http://bhubaneswarone.in/arcgis/rest/services/BhubaneswarOne/Category/MapServer/22/query?where=1%3D1&outFields=*&f=geojson",
        "retrieved_at": "2026-09-07T19:10:56.976Z"
      },
      "geometry": {
        "type": "Point",
        "coordinates": [
          85.79134099990274,
          20.232900999800947
        ]
      }
    },
    {
      "type": "Feature",
      "id": "fac_school_21171303387",
      "properties": {
        "id": "fac_school_21171303387",
        "name": "Asther E.M School",
        "facility_type": "SCHOOL",
        "category_detail": "Primary",
        "management": "Un-Recognised",
        "address": "1105 Plot Phase 5 , Bhubaneswar, Odisha 751019",
        "latitude": 20.235746999783714,
        "longitude": 85.79545600043329,
        "source_type": "REAL",
        "source_name": "BhubaneswarOne GIS (Category MapServer/22 - School OPEPA DISE)",
        "source_url": "http://bhubaneswarone.in/arcgis/rest/services/BhubaneswarOne/Category/MapServer/22/query?where=1%3D1&outFields=*&f=geojson",
        "retrieved_at": "2026-09-07T19:10:56.976Z"
      },
      "geometry": {
        "type": "Point",
        "coordinates": [
          85.79545600043329,
          20.235746999783714
        ]
      }
    },
    {
      "type": "Feature",
      "id": "fac_school_21171303388",
      "properties": {
        "id": "fac_school_21171303388",
        "name": "Saraswati Sishu Vidyamandir, Dumduma",
        "facility_type": "SCHOOL",
        "category_detail": "Primary with Upper Primary",
        "management": "Pvt. Unaided",
        "address": "Phase 2 Dumduma , Bhubaneswar, Odisha 751019",
        "latitude": 20.245512000062956,
        "longitude": 85.78915500031812,
        "source_type": "REAL",
        "source_name": "BhubaneswarOne GIS (Category MapServer/22 - School OPEPA DISE)",
        "source_url": "http://bhubaneswarone.in/arcgis/rest/services/BhubaneswarOne/Category/MapServer/22/query?where=1%3D1&outFields=*&f=geojson",
        "retrieved_at": "2026-09-07T19:10:56.976Z"
      },
      "geometry": {
        "type": "Point",
        "coordinates": [
          85.78915500031812,
          20.245512000062956
        ]
      }
    },
    {
      "type": "Feature",
      "id": "fac_school_21171303678",
      "properties": {
        "id": "fac_school_21171303678",
        "name": "Vani Vidyamandir, Palas Palli",
        "facility_type": "SCHOOL",
        "category_detail": "Primary with Upper Primary",
        "management": "Pvt. Unaided",
        "address": "Palas Palli, Bhubaneswar, Odisha 751020",
        "latitude": 20.233630999637366,
        "longitude": 85.80971199981504,
        "source_type": "REAL",
        "source_name": "BhubaneswarOne GIS (Category MapServer/22 - School OPEPA DISE)",
        "source_url": "http://bhubaneswarone.in/arcgis/rest/services/BhubaneswarOne/Category/MapServer/22/query?where=1%3D1&outFields=*&f=geojson",
        "retrieved_at": "2026-09-07T19:10:56.976Z"
      },
      "geometry": {
        "type": "Point",
        "coordinates": [
          85.80971199981504,
          20.233630999637366
        ]
      }
    },
    {
      "type": "Feature",
      "id": "fac_school_21171304101",
      "properties": {
        "id": "fac_school_21171304101",
        "name": "Bindusagar P S",
        "facility_type": "SCHOOL",
        "category_detail": "Primary",
        "management": "Department of Education",
        "address": "Bindu Sagar Road, Old Town\nBhubaneswar, Odisha 751002",
        "latitude": 20.24427100001605,
        "longitude": 85.8352769996732,
        "source_type": "REAL",
        "source_name": "BhubaneswarOne GIS (Category MapServer/22 - School OPEPA DISE)",
        "source_url": "http://bhubaneswarone.in/arcgis/rest/services/BhubaneswarOne/Category/MapServer/22/query?where=1%3D1&outFields=*&f=geojson",
        "retrieved_at": "2026-09-07T19:10:56.976Z"
      },
      "geometry": {
        "type": "Point",
        "coordinates": [
          85.8352769996732,
          20.24427100001605
        ]
      }
    },
    {
      "type": "Feature",
      "id": "fac_school_21171304102",
      "properties": {
        "id": "fac_school_21171304102",
        "name": "Gosagareswar P S",
        "facility_type": "SCHOOL",
        "category_detail": "Primary",
        "management": "Department of Education",
        "address": "Near Rath Road Gosagareswar Temple Old Town ,Bhubaneswar, Odisha 751002",
        "latitude": 20.24548900005084,
        "longitude": 85.83273899959492,
        "source_type": "REAL",
        "source_name": "BhubaneswarOne GIS (Category MapServer/22 - School OPEPA DISE)",
        "source_url": "http://bhubaneswarone.in/arcgis/rest/services/BhubaneswarOne/Category/MapServer/22/query?where=1%3D1&outFields=*&f=geojson",
        "retrieved_at": "2026-09-07T19:10:56.976Z"
      },
      "geometry": {
        "type": "Point",
        "coordinates": [
          85.83273899959492,
          20.24548900005084
        ]
      }
    },
    {
      "type": "Feature",
      "id": "fac_school_21171304151",
      "properties": {
        "id": "fac_school_21171304151",
        "name": "MPL H.S, P.S. Goutam Nagar",
        "facility_type": "SCHOOL",
        "category_detail": "Upper Pr. and Secondary",
        "management": "Department of Education",
        "address": "348, Lewis Road, Bjb Nagar\nBhubaneswar, Odisha 751014",
        "latitude": 20.25434999969138,
        "longitude": 85.83996400044056,
        "source_type": "REAL",
        "source_name": "BhubaneswarOne GIS (Category MapServer/22 - School OPEPA DISE)",
        "source_url": "http://bhubaneswarone.in/arcgis/rest/services/BhubaneswarOne/Category/MapServer/22/query?where=1%3D1&outFields=*&f=geojson",
        "retrieved_at": "2026-09-07T19:10:56.976Z"
      },
      "geometry": {
        "type": "Point",
        "coordinates": [
          85.83996400044056,
          20.25434999969138
        ]
      }
    },
    {
      "type": "Feature",
      "id": "fac_school_21171304251",
      "properties": {
        "id": "fac_school_21171304251",
        "name": "Pandit Raghunath (M) U G U P S",
        "facility_type": "SCHOOL",
        "category_detail": "Primary with Upper Primary",
        "management": "Department of Education",
        "address": "522-A Old Town, Bhubaneswar, Odisha 751002 ",
        "latitude": 20.241193999930186,
        "longitude": 85.8294239995907,
        "source_type": "REAL",
        "source_name": "BhubaneswarOne GIS (Category MapServer/22 - School OPEPA DISE)",
        "source_url": "http://bhubaneswarone.in/arcgis/rest/services/BhubaneswarOne/Category/MapServer/22/query?where=1%3D1&outFields=*&f=geojson",
        "retrieved_at": "2026-09-07T19:10:56.976Z"
      },
      "geometry": {
        "type": "Point",
        "coordinates": [
          85.8294239995907,
          20.241193999930186
        ]
      }
    },
    {
      "type": "Feature",
      "id": "fac_school_21171304273",
      "properties": {
        "id": "fac_school_21171304273",
        "name": "Ekamra Sikhya Niketan, Mahatab Road",
        "facility_type": "SCHOOL",
        "category_detail": "Primary with Upper Primary",
        "management": "Un-Recognised",
        "address": "Mahtab Road Old Town Mulapadia, Bhubaneswar, Odisha 751001",
        "latitude": 20.23910700031872,
        "longitude": 85.83011799971497,
        "source_type": "REAL",
        "source_name": "BhubaneswarOne GIS (Category MapServer/22 - School OPEPA DISE)",
        "source_url": "http://bhubaneswarone.in/arcgis/rest/services/BhubaneswarOne/Category/MapServer/22/query?where=1%3D1&outFields=*&f=geojson",
        "retrieved_at": "2026-09-07T19:10:56.976Z"
      },
      "geometry": {
        "type": "Point",
        "coordinates": [
          85.83011799971497,
          20.23910700031872
        ]
      }
    },
    {
      "type": "Feature",
      "id": "fac_school_21171304301",
      "properties": {
        "id": "fac_school_21171304301",
        "name": "B.M. H.S.",
        "facility_type": "SCHOOL",
        "category_detail": "Upper Pr. and Secondary",
        "management": "Department of Education",
        "address": "Ward No 43, Old Town, Old Town, Bhubaneswar, Odisha 751002",
        "latitude": 20.23746500040408,
        "longitude": 85.83290800039045,
        "source_type": "REAL",
        "source_name": "BhubaneswarOne GIS (Category MapServer/22 - School OPEPA DISE)",
        "source_url": "http://bhubaneswarone.in/arcgis/rest/services/BhubaneswarOne/Category/MapServer/22/query?where=1%3D1&outFields=*&f=geojson",
        "retrieved_at": "2026-09-07T19:10:56.976Z"
      },
      "geometry": {
        "type": "Point",
        "coordinates": [
          85.83290800039045,
          20.23746500040408
        ]
      }
    },
    {
      "type": "Feature",
      "id": "fac_school_21171304304",
      "properties": {
        "id": "fac_school_21171304304",
        "name": "S.M.Girls H S",
        "facility_type": "SCHOOL",
        "category_detail": "Upper Pr. and Secondary",
        "management": "Department of Education",
        "address": "Lingaraj Nagar, Old Town, Bhubaneswar, Odisha 751002",
        "latitude": 20.237366999785866,
        "longitude": 85.83222999969007,
        "source_type": "REAL",
        "source_name": "BhubaneswarOne GIS (Category MapServer/22 - School OPEPA DISE)",
        "source_url": "http://bhubaneswarone.in/arcgis/rest/services/BhubaneswarOne/Category/MapServer/22/query?where=1%3D1&outFields=*&f=geojson",
        "retrieved_at": "2026-09-07T19:10:56.976Z"
      },
      "geometry": {
        "type": "Point",
        "coordinates": [
          85.83222999969007,
          20.237366999785866
        ]
      }
    },
    {
      "type": "Feature",
      "id": "fac_school_21171304305",
      "properties": {
        "id": "fac_school_21171304305",
        "name": "Municipality Girls P S",
        "facility_type": "SCHOOL",
        "category_detail": "Primary",
        "management": "Department of Education",
        "address": "Lingaraj Nagar, Old Town\nBhubaneswar, Odisha 751002",
        "latitude": 20.237294000122272,
        "longitude": 85.83231900023338,
        "source_type": "REAL",
        "source_name": "BhubaneswarOne GIS (Category MapServer/22 - School OPEPA DISE)",
        "source_url": "http://bhubaneswarone.in/arcgis/rest/services/BhubaneswarOne/Category/MapServer/22/query?where=1%3D1&outFields=*&f=geojson",
        "retrieved_at": "2026-09-07T19:10:56.976Z"
      },
      "geometry": {
        "type": "Point",
        "coordinates": [
          85.83231900023338,
          20.237294000122272
        ]
      }
    },
    {
      "type": "Feature",
      "id": "fac_school_21171304401",
      "properties": {
        "id": "fac_school_21171304401",
        "name": "Bhimatangi Project U P S",
        "facility_type": "SCHOOL",
        "category_detail": "Primary with Upper Primary",
        "management": "Department of Education",
        "address": "Basisthanagar, Old Town\nBhubaneswar, Odisha 751002",
        "latitude": 20.233544999645094,
        "longitude": 85.83649599960192,
        "source_type": "REAL",
        "source_name": "BhubaneswarOne GIS (Category MapServer/22 - School OPEPA DISE)",
        "source_url": "http://bhubaneswarone.in/arcgis/rest/services/BhubaneswarOne/Category/MapServer/22/query?where=1%3D1&outFields=*&f=geojson",
        "retrieved_at": "2026-09-07T19:10:56.976Z"
      },
      "geometry": {
        "type": "Point",
        "coordinates": [
          85.83649599960192,
          20.233544999645094
        ]
      }
    },
    {
      "type": "Feature",
      "id": "fac_school_21171304451",
      "properties": {
        "id": "fac_school_21171304451",
        "name": "Bhimatangi (M) P S",
        "facility_type": "SCHOOL",
        "category_detail": "Primary",
        "management": "Department of Education",
        "address": "Bhimatangi Housing Colony Bhubaneswar, Odisha 751002",
        "latitude": 20.2375540003179,
        "longitude": 85.8234850003931,
        "source_type": "REAL",
        "source_name": "BhubaneswarOne GIS (Category MapServer/22 - School OPEPA DISE)",
        "source_url": "http://bhubaneswarone.in/arcgis/rest/services/BhubaneswarOne/Category/MapServer/22/query?where=1%3D1&outFields=*&f=geojson",
        "retrieved_at": "2026-09-07T19:10:56.976Z"
      },
      "geometry": {
        "type": "Point",
        "coordinates": [
          85.8234850003931,
          20.2375540003179
        ]
      }
    },
    {
      "type": "Feature",
      "id": "fac_school_21171304452",
      "properties": {
        "id": "fac_school_21171304452",
        "name": "Venkateswar Eng Med. Sch, Bhimatan",
        "facility_type": "SCHOOL",
        "category_detail": "Primary",
        "management": "Pvt. Unaided",
        "address": "Bhimatangi Housing Colony Bhubaneswar, Odisha 751016",
        "latitude": 20.234943000351432,
        "longitude": 85.82348099953886,
        "source_type": "REAL",
        "source_name": "BhubaneswarOne GIS (Category MapServer/22 - School OPEPA DISE)",
        "source_url": "http://bhubaneswarone.in/arcgis/rest/services/BhubaneswarOne/Category/MapServer/22/query?where=1%3D1&outFields=*&f=geojson",
        "retrieved_at": "2026-09-07T19:10:56.976Z"
      },
      "geometry": {
        "type": "Point",
        "coordinates": [
          85.82348099953886,
          20.234943000351432
        ]
      }
    },
    {
      "type": "Feature",
      "id": "fac_school_21171304472",
      "properties": {
        "id": "fac_school_21171304472",
        "name": "Ekamra Saraswati Sishu Mandir",
        "facility_type": "SCHOOL",
        "category_detail": "Pr. Up Pr. and Secondary Only",
        "management": "Pvt. Unaided",
        "address": "Bhim Tangi Phase 2, Old Town, Bhima Tanki Housing Colony, Bhimatangi Housing Colony, Bhubaneswar, Odisha 751001",
        "latitude": 20.23691399987585,
        "longitude": 85.82401700031475,
        "source_type": "REAL",
        "source_name": "BhubaneswarOne GIS (Category MapServer/22 - School OPEPA DISE)",
        "source_url": "http://bhubaneswarone.in/arcgis/rest/services/BhubaneswarOne/Category/MapServer/22/query?where=1%3D1&outFields=*&f=geojson",
        "retrieved_at": "2026-09-07T19:10:56.976Z"
      },
      "geometry": {
        "type": "Point",
        "coordinates": [
          85.82401700031475,
          20.23691399987585
        ]
      }
    },
    {
      "type": "Feature",
      "id": "fac_school_21171304474",
      "properties": {
        "id": "fac_school_21171304474",
        "name": "Saraswati Sishu Mandir, Bhimatangi",
        "facility_type": "SCHOOL",
        "category_detail": "Pr. Up Pr. and Secondary Only",
        "management": "Pvt. Unaided",
        "address": "Bhim Tangi Phase 2, Old Town, Bhima Tanki Housing Colony, Bhimatangi Housing Colony, Bhubaneswar, Odisha 751016",
        "latitude": 20.236892000236864,
        "longitude": 85.82406399982067,
        "source_type": "REAL",
        "source_name": "BhubaneswarOne GIS (Category MapServer/22 - School OPEPA DISE)",
        "source_url": "http://bhubaneswarone.in/arcgis/rest/services/BhubaneswarOne/Category/MapServer/22/query?where=1%3D1&outFields=*&f=geojson",
        "retrieved_at": "2026-09-07T19:10:56.976Z"
      },
      "geometry": {
        "type": "Point",
        "coordinates": [
          85.82406399982067,
          20.236892000236864
        ]
      }
    },
    {
      "type": "Feature",
      "id": "fac_school_21171304475",
      "properties": {
        "id": "fac_school_21171304475",
        "name": "VSK, Bhimatangi",
        "facility_type": "SCHOOL",
        "category_detail": "Primary with Upper Primary",
        "management": "Un-Recognised",
        "address": "Kapila Prasad, Vim Tanki, Near Sai Temple, Bhimatangi Housing Colony, Bhubaneswar, Odisha 751002",
        "latitude": 20.236248378302914,
        "longitude": 85.81979984652524,
        "source_type": "REAL",
        "source_name": "BhubaneswarOne GIS (Category MapServer/22 - School OPEPA DISE)",
        "source_url": "http://bhubaneswarone.in/arcgis/rest/services/BhubaneswarOne/Category/MapServer/22/query?where=1%3D1&outFields=*&f=geojson",
        "retrieved_at": "2026-09-07T19:10:56.976Z"
      },
      "geometry": {
        "type": "Point",
        "coordinates": [
          85.81979984652524,
          20.236248378302914
        ]
      }
    },
    {
      "type": "Feature",
      "id": "fac_school_21171304476",
      "properties": {
        "id": "fac_school_21171304476",
        "name": "VSK, Kapila Prasad",
        "facility_type": "SCHOOL",
        "category_detail": "Primary with Upper Primary",
        "management": "Un-Recognised",
        "address": "Kapila Prasad, Vim Tanki, Near Sai Temple, Bhimatangi Housing Colony, Bhubaneswar, Odisha 751016",
        "latitude": 20.236284609006795,
        "longitude": 85.81976055235185,
        "source_type": "REAL",
        "source_name": "BhubaneswarOne GIS (Category MapServer/22 - School OPEPA DISE)",
        "source_url": "http://bhubaneswarone.in/arcgis/rest/services/BhubaneswarOne/Category/MapServer/22/query?where=1%3D1&outFields=*&f=geojson",
        "retrieved_at": "2026-09-07T19:10:56.976Z"
      },
      "geometry": {
        "type": "Point",
        "coordinates": [
          85.81976055235185,
          20.236284609006795
        ]
      }
    },
    {
      "type": "Feature",
      "id": "fac_school_119",
      "properties": {
        "id": "fac_school_119",
        "name": "Ramadevi Public Sch. Kapilprasad",
        "facility_type": "SCHOOL",
        "category_detail": "Primary with Upper Primary",
        "management": "Un-Recognised",
        "address": "Infront Ekmara College Kapilparsad,,Bhubaneswar, Odisha 751002",
        "latitude": 20.23325100042165,
        "longitude": 85.81932100033136,
        "source_type": "REAL",
        "source_name": "BhubaneswarOne GIS (Category MapServer/22 - School OPEPA DISE)",
        "source_url": "http://bhubaneswarone.in/arcgis/rest/services/BhubaneswarOne/Category/MapServer/22/query?where=1%3D1&outFields=*&f=geojson",
        "retrieved_at": "2026-09-07T19:10:56.976Z"
      },
      "geometry": {
        "type": "Point",
        "coordinates": [
          85.81932100033136,
          20.23325100042165
        ]
      }
    },
    {
      "type": "Feature",
      "id": "fac_school_21171304478",
      "properties": {
        "id": "fac_school_21171304478",
        "name": "Vanishree Vidya Mandir, Kapila Prasad",
        "facility_type": "SCHOOL",
        "category_detail": "Primary with Upper Primary",
        "management": "Pvt. Unaided",
        "address": "Jogeshwarpatna Kapilparsad ,Bhubaneswar, Odisha 751002",
        "latitude": 20.227715999553727,
        "longitude": 85.81966699980872,
        "source_type": "REAL",
        "source_name": "BhubaneswarOne GIS (Category MapServer/22 - School OPEPA DISE)",
        "source_url": "http://bhubaneswarone.in/arcgis/rest/services/BhubaneswarOne/Category/MapServer/22/query?where=1%3D1&outFields=*&f=geojson",
        "retrieved_at": "2026-09-07T19:10:56.976Z"
      },
      "geometry": {
        "type": "Point",
        "coordinates": [
          85.81966699980872,
          20.227715999553727
        ]
      }
    },
    {
      "type": "Feature",
      "id": "fac_school_21171304479",
      "properties": {
        "id": "fac_school_21171304479",
        "name": "Sri Aurobindo Integral School Bhimtangi",
        "facility_type": "SCHOOL",
        "category_detail": "Primary with Upper Primary",
        "management": "Pvt. Unaided",
        "address": "Bhimeswar Marg, Lb-379 Ln, Bhimatangi Housing Colony, Bhubaneswar, Odisha 751002",
        "latitude": 20.236033000346993,
        "longitude": 85.82481600044106,
        "source_type": "REAL",
        "source_name": "BhubaneswarOne GIS (Category MapServer/22 - School OPEPA DISE)",
        "source_url": "http://bhubaneswarone.in/arcgis/rest/services/BhubaneswarOne/Category/MapServer/22/query?where=1%3D1&outFields=*&f=geojson",
        "retrieved_at": "2026-09-07T19:10:56.976Z"
      },
      "geometry": {
        "type": "Point",
        "coordinates": [
          85.82481600044106,
          20.236033000346993
        ]
      }
    },
    {
      "type": "Feature",
      "id": "fac_school_21171304482",
      "properties": {
        "id": "fac_school_21171304482",
        "name": "Saraswati Sishu Mandir, Old Town",
        "facility_type": "SCHOOL",
        "category_detail": "Primary with Upper Primary",
        "management": "Pvt. Unaided",
        "address": "Bhimatangi Housing Colony,Bhubaneswar,Odisha 751010",
        "latitude": 20.237038889368748,
        "longitude": 85.82402222169243,
        "source_type": "REAL",
        "source_name": "BhubaneswarOne GIS (Category MapServer/22 - School OPEPA DISE)",
        "source_url": "http://bhubaneswarone.in/arcgis/rest/services/BhubaneswarOne/Category/MapServer/22/query?where=1%3D1&outFields=*&f=geojson",
        "retrieved_at": "2026-09-07T19:10:56.976Z"
      },
      "geometry": {
        "type": "Point",
        "coordinates": [
          85.82402222169243,
          20.237038889368748
        ]
      }
    },
    {
      "type": "Feature",
      "id": "fac_school_21171304501",
      "properties": {
        "id": "fac_school_21171304501",
        "name": "Municipal H.S. Kapilaprasad",
        "facility_type": "SCHOOL",
        "category_detail": "Upper Pr. and Secondary",
        "management": "Department of Education",
        "address": "Kapilparsad ,Bhubaneswar, Odisha 751002",
        "latitude": 20.230153000377904,
        "longitude": 85.82873999982475,
        "source_type": "REAL",
        "source_name": "BhubaneswarOne GIS (Category MapServer/22 - School OPEPA DISE)",
        "source_url": "http://bhubaneswarone.in/arcgis/rest/services/BhubaneswarOne/Category/MapServer/22/query?where=1%3D1&outFields=*&f=geojson",
        "retrieved_at": "2026-09-07T19:10:56.976Z"
      },
      "geometry": {
        "type": "Point",
        "coordinates": [
          85.82873999982475,
          20.230153000377904
        ]
      }
    },
    {
      "type": "Feature",
      "id": "fac_school_21171304502",
      "properties": {
        "id": "fac_school_21171304502",
        "name": "Kapilprasad U G U P S",
        "facility_type": "SCHOOL",
        "category_detail": "Primary with Upper Primary",
        "management": "Department of Education",
        "address": "Kapilparsad ,Bhubaneswar, Odisha 751002",
        "latitude": 20.23096199981521,
        "longitude": 85.82912599984186,
        "source_type": "REAL",
        "source_name": "BhubaneswarOne GIS (Category MapServer/22 - School OPEPA DISE)",
        "source_url": "http://bhubaneswarone.in/arcgis/rest/services/BhubaneswarOne/Category/MapServer/22/query?where=1%3D1&outFields=*&f=geojson",
        "retrieved_at": "2026-09-07T19:10:56.976Z"
      },
      "geometry": {
        "type": "Point",
        "coordinates": [
          85.82912599984186,
          20.23096199981521
        ]
      }
    },
    {
      "type": "Feature",
      "id": "fac_school_21171304551",
      "properties": {
        "id": "fac_school_21171304551",
        "name": "Kapileswar (M) P S",
        "facility_type": "SCHOOL",
        "category_detail": "Primary",
        "management": "Department of Education",
        "address": "Kapileswar Village ,Bhubaneswar, Odisha 751002",
        "latitude": 20.230356000089998,
        "longitude": 85.8290239995977,
        "source_type": "REAL",
        "source_name": "BhubaneswarOne GIS (Category MapServer/22 - School OPEPA DISE)",
        "source_url": "http://bhubaneswarone.in/arcgis/rest/services/BhubaneswarOne/Category/MapServer/22/query?where=1%3D1&outFields=*&f=geojson",
        "retrieved_at": "2026-09-07T19:10:56.976Z"
      },
      "geometry": {
        "type": "Point",
        "coordinates": [
          85.8290239995977,
          20.230356000089998
        ]
      }
    },
    {
      "type": "Feature",
      "id": "fac_school_21171304574",
      "properties": {
        "id": "fac_school_21171304574",
        "name": "Vidyasagar Vidyapitha Kapileswer",
        "facility_type": "SCHOOL",
        "category_detail": "Primary with Upper Primary",
        "management": "Un-Recognised",
        "address": "Kapileswar Village Bhubaneswar, Odisha 751002",
        "latitude": 20.230169999986373,
        "longitude": 85.8291360003111,
        "source_type": "REAL",
        "source_name": "BhubaneswarOne GIS (Category MapServer/22 - School OPEPA DISE)",
        "source_url": "http://bhubaneswarone.in/arcgis/rest/services/BhubaneswarOne/Category/MapServer/22/query?where=1%3D1&outFields=*&f=geojson",
        "retrieved_at": "2026-09-07T19:10:56.976Z"
      },
      "geometry": {
        "type": "Point",
        "coordinates": [
          85.8291360003111,
          20.230169999986373
        ]
      }
    },
    {
      "type": "Feature",
      "id": "fac_school_21171304575",
      "properties": {
        "id": "fac_school_21171304575",
        "name": "Kalinga Vidyapitha",
        "facility_type": "SCHOOL",
        "category_detail": "Primary with Upper Primary",
        "management": "Un-Recognised",
        "address": "Near Boi Bank, Kapila Prasad,Sundarpada,Bhubaneswar, Odisha 751002",
        "latitude": 20.22995555581156,
        "longitude": 85.81542500017284,
        "source_type": "REAL",
        "source_name": "BhubaneswarOne GIS (Category MapServer/22 - School OPEPA DISE)",
        "source_url": "http://bhubaneswarone.in/arcgis/rest/services/BhubaneswarOne/Category/MapServer/22/query?where=1%3D1&outFields=*&f=geojson",
        "retrieved_at": "2026-09-07T19:10:56.976Z"
      },
      "geometry": {
        "type": "Point",
        "coordinates": [
          85.81542500017284,
          20.22995555581156
        ]
      }
    },
    {
      "type": "Feature",
      "id": "fac_school_21171304601",
      "properties": {
        "id": "fac_school_21171304601",
        "name": "Birabar Subudhi U P S",
        "facility_type": "SCHOOL",
        "category_detail": "Upper Primary only",
        "management": "Pvt. Aided",
        "address": "Nuagaon, Samantrapur, Bhubaneswar, Odisha 751002",
        "latitude": 20.214530999933245,
        "longitude": 85.83692299991401,
        "source_type": "REAL",
        "source_name": "BhubaneswarOne GIS (Category MapServer/22 - School OPEPA DISE)",
        "source_url": "http://bhubaneswarone.in/arcgis/rest/services/BhubaneswarOne/Category/MapServer/22/query?where=1%3D1&outFields=*&f=geojson",
        "retrieved_at": "2026-09-07T19:10:56.976Z"
      },
      "geometry": {
        "type": "Point",
        "coordinates": [
          85.83692299991401,
          20.214530999933245
        ]
      }
    },
    {
      "type": "Feature",
      "id": "fac_school_21171304602",
      "properties": {
        "id": "fac_school_21171304602",
        "name": "Nayagram P S",
        "facility_type": "SCHOOL",
        "category_detail": "Primary",
        "management": "Department of Education",
        "address": "Nuagaon, Samantrapur, Bhubaneswar, Odisha 751002",
        "latitude": 20.21419599963652,
        "longitude": 85.83838300047917,
        "source_type": "REAL",
        "source_name": "BhubaneswarOne GIS (Category MapServer/22 - School OPEPA DISE)",
        "source_url": "http://bhubaneswarone.in/arcgis/rest/services/BhubaneswarOne/Category/MapServer/22/query?where=1%3D1&outFields=*&f=geojson",
        "retrieved_at": "2026-09-07T19:10:56.976Z"
      },
      "geometry": {
        "type": "Point",
        "coordinates": [
          85.83838300047917,
          20.21419599963652
        ]
      }
    },
    {
      "type": "Feature",
      "id": "fac_school_21171304603",
      "properties": {
        "id": "fac_school_21171304603",
        "name": "Samantarapur U G U  P S",
        "facility_type": "SCHOOL",
        "category_detail": "Primary with Upper Primary",
        "management": "Department of Education",
        "address": "Samantrapur, Bhubaneswar, Odisha 751002",
        "latitude": 20.229262000305475,
        "longitude": 85.84055700046795,
        "source_type": "REAL",
        "source_name": "BhubaneswarOne GIS (Category MapServer/22 - School OPEPA DISE)",
        "source_url": "http://bhubaneswarone.in/arcgis/rest/services/BhubaneswarOne/Category/MapServer/22/query?where=1%3D1&outFields=*&f=geojson",
        "retrieved_at": "2026-09-07T19:10:56.976Z"
      },
      "geometry": {
        "type": "Point",
        "coordinates": [
          85.84055700046795,
          20.229262000305475
        ]
      }
    },
    {
      "type": "Feature",
      "id": "fac_school_21171304652",
      "properties": {
        "id": "fac_school_21171304652",
        "name": "Maa Bhubasini H.S. Samantarapur",
        "facility_type": "SCHOOL",
        "category_detail": "Upper Pr. and Secondary",
        "management": "Department of Education",
        "address": "Near Tarini Temple,Samantrapur, Sriram Nagar, Old Town,Bhubaneswar, Odisha 751002",
        "latitude": 20.227044444451753,
        "longitude": 85.84020277845099,
        "source_type": "REAL",
        "source_name": "BhubaneswarOne GIS (Category MapServer/22 - School OPEPA DISE)",
        "source_url": "http://bhubaneswarone.in/arcgis/rest/services/BhubaneswarOne/Category/MapServer/22/query?where=1%3D1&outFields=*&f=geojson",
        "retrieved_at": "2026-09-07T19:10:56.976Z"
      },
      "geometry": {
        "type": "Point",
        "coordinates": [
          85.84020277845099,
          20.227044444451753
        ]
      }
    },
    {
      "type": "Feature",
      "id": "fac_school_21171304671",
      "properties": {
        "id": "fac_school_21171304671",
        "name": "Ashwash Sch. Int. Edn. Old town",
        "facility_type": "SCHOOL",
        "category_detail": "Primary with Upper Primary",
        "management": "Un-Recognised",
        "address": "Samantrapur, Kapileswar Bhubaneswar, Odisha 751002",
        "latitude": 20.228050000204032,
        "longitude": 85.82305800011392,
        "source_type": "REAL",
        "source_name": "BhubaneswarOne GIS (Category MapServer/22 - School OPEPA DISE)",
        "source_url": "http://bhubaneswarone.in/arcgis/rest/services/BhubaneswarOne/Category/MapServer/22/query?where=1%3D1&outFields=*&f=geojson",
        "retrieved_at": "2026-09-07T19:10:56.976Z"
      },
      "geometry": {
        "type": "Point",
        "coordinates": [
          85.82305800011392,
          20.228050000204032
        ]
      }
    },
    {
      "type": "Feature",
      "id": "fac_school_21171304673",
      "properties": {
        "id": "fac_school_21171304673",
        "name": "Gouri Sankar Resi. Mesi,  Samantarapur",
        "facility_type": "SCHOOL",
        "category_detail": "Primary with Upper Primary",
        "management": "Pvt. Unaided",
        "address": "Nuagaon Chhak, Puri Road, Samantrapur, Bhubaneswar, Odisha 751002",
        "latitude": 20.223297000124326,
        "longitude": 85.84338700041319,
        "source_type": "REAL",
        "source_name": "BhubaneswarOne GIS (Category MapServer/22 - School OPEPA DISE)",
        "source_url": "http://bhubaneswarone.in/arcgis/rest/services/BhubaneswarOne/Category/MapServer/22/query?where=1%3D1&outFields=*&f=geojson",
        "retrieved_at": "2026-09-07T19:10:56.976Z"
      },
      "geometry": {
        "type": "Point",
        "coordinates": [
          85.84338700041319,
          20.223297000124326
        ]
      }
    },
    {
      "type": "Feature",
      "id": "fac_school_21171304677",
      "properties": {
        "id": "fac_school_21171304677",
        "name": "Saraswati Sishumandir, Nuagaon",
        "facility_type": "SCHOOL",
        "category_detail": "Primary with Upper Primary",
        "management": "Pvt. Unaided",
        "address": "Nuagaon Road , Sisupalagarh, Samantarapur, Old Town, Bhubaneswar, Odisha 751002",
        "latitude": 20.222789999867075,
        "longitude": 85.8439980001599,
        "source_type": "REAL",
        "source_name": "BhubaneswarOne GIS (Category MapServer/22 - School OPEPA DISE)",
        "source_url": "http://bhubaneswarone.in/arcgis/rest/services/BhubaneswarOne/Category/MapServer/22/query?where=1%3D1&outFields=*&f=geojson",
        "retrieved_at": "2026-09-07T19:10:56.976Z"
      },
      "geometry": {
        "type": "Point",
        "coordinates": [
          85.8439980001599,
          20.222789999867075
        ]
      }
    },
    {
      "type": "Feature",
      "id": "fac_school_21171304679",
      "properties": {
        "id": "fac_school_21171304679",
        "name": "Sarad Matha Pry.School, Samantrapur",
        "facility_type": "SCHOOL",
        "category_detail": "Primary",
        "management": "Pvt. Unaided",
        "address": "Gouri Nagar, Old Town\nBhubaneswar, Odisha 751016",
        "latitude": 20.236916999574305,
        "longitude": 85.83852999961907,
        "source_type": "REAL",
        "source_name": "BhubaneswarOne GIS (Category MapServer/22 - School OPEPA DISE)",
        "source_url": "http://bhubaneswarone.in/arcgis/rest/services/BhubaneswarOne/Category/MapServer/22/query?where=1%3D1&outFields=*&f=geojson",
        "retrieved_at": "2026-09-07T19:10:56.976Z"
      },
      "geometry": {
        "type": "Point",
        "coordinates": [
          85.83852999961907,
          20.236916999574305
        ]
      }
    },
    {
      "type": "Feature",
      "id": "fac_school_21171304680",
      "properties": {
        "id": "fac_school_21171304680",
        "name": "Satyasai Sch, Keuta Sahi Chhak",
        "facility_type": "SCHOOL",
        "category_detail": "Pr. Up Pr. and Secondary Only",
        "management": "Pvt. Unaided",
        "address": "Kapileswar\nBhubaneswar, Odisha 751016",
        "latitude": 20.227980999566277,
        "longitude": 85.82307599988859,
        "source_type": "REAL",
        "source_name": "BhubaneswarOne GIS (Category MapServer/22 - School OPEPA DISE)",
        "source_url": "http://bhubaneswarone.in/arcgis/rest/services/BhubaneswarOne/Category/MapServer/22/query?where=1%3D1&outFields=*&f=geojson",
        "retrieved_at": "2026-09-07T19:10:56.976Z"
      },
      "geometry": {
        "type": "Point",
        "coordinates": [
          85.82307599988859,
          20.227980999566277
        ]
      }
    },
    {
      "type": "Feature",
      "id": "fac_school_21171304681",
      "properties": {
        "id": "fac_school_21171304681",
        "name": "Vivekananada Siksha Kendra, Kedar L",
        "facility_type": "SCHOOL",
        "category_detail": "Primary with Upper Primary",
        "management": "Pvt. Unaided",
        "address": "Gouri Nagar, Old Town Bhubaneswar, Odisha 751016",
        "latitude": 20.23740100031267,
        "longitude": 85.83821800029982,
        "source_type": "REAL",
        "source_name": "BhubaneswarOne GIS (Category MapServer/22 - School OPEPA DISE)",
        "source_url": "http://bhubaneswarone.in/arcgis/rest/services/BhubaneswarOne/Category/MapServer/22/query?where=1%3D1&outFields=*&f=geojson",
        "retrieved_at": "2026-09-07T19:10:56.976Z"
      },
      "geometry": {
        "type": "Point",
        "coordinates": [
          85.83821800029982,
          20.23740100031267
        ]
      }
    },
    {
      "type": "Feature",
      "id": "fac_school_21171304682",
      "properties": {
        "id": "fac_school_21171304682",
        "name": "Dayasagar Vidya Mandir",
        "facility_type": "SCHOOL",
        "category_detail": "Primary with Upper Primary",
        "management": "Pvt. Unaided",
        "address": "917/3656, Sriram Nagar, Old Town, Sriram Nagar, Old Town, Bhubaneswar, Odisha 751002",
        "latitude": 20.2331209995869,
        "longitude": 85.83938399982199,
        "source_type": "REAL",
        "source_name": "BhubaneswarOne GIS (Category MapServer/22 - School OPEPA DISE)",
        "source_url": "http://bhubaneswarone.in/arcgis/rest/services/BhubaneswarOne/Category/MapServer/22/query?where=1%3D1&outFields=*&f=geojson",
        "retrieved_at": "2026-09-07T19:10:56.976Z"
      },
      "geometry": {
        "type": "Point",
        "coordinates": [
          85.83938399982199,
          20.2331209995869
        ]
      }
    },
    {
      "type": "Feature",
      "id": "fac_school_21171311102",
      "properties": {
        "id": "fac_school_21171311102",
        "name": "INBCWF/BWI Child Learn School",
        "facility_type": "SCHOOL",
        "category_detail": "Primary",
        "management": "Un-Recognised",
        "address": "Plot 1202 Dumduma Hbc Phase 2 , Bhubaneswar, Odisha 751019",
        "latitude": 20.241838000321398,
        "longitude": 85.78966800017561,
        "source_type": "REAL",
        "source_name": "BhubaneswarOne GIS (Category MapServer/22 - School OPEPA DISE)",
        "source_url": "http://bhubaneswarone.in/arcgis/rest/services/BhubaneswarOne/Category/MapServer/22/query?where=1%3D1&outFields=*&f=geojson",
        "retrieved_at": "2026-09-07T19:10:56.976Z"
      },
      "geometry": {
        "type": "Point",
        "coordinates": [
          85.78966800017561,
          20.241838000321398
        ]
      }
    },
    {
      "type": "Feature",
      "id": "fac_school_21171311103",
      "properties": {
        "id": "fac_school_21171311103",
        "name": "Adarsha Shishu Vidya Mandir",
        "facility_type": "SCHOOL",
        "category_detail": "Primary with Upper Primary",
        "management": "Pvt. Unaided",
        "address": "1244 Plot No Dumduma Hbc  Phase 2 , Bhubaneswar, Odisha 751019",
        "latitude": 20.24261099974617,
        "longitude": 85.78802599952759,
        "source_type": "REAL",
        "source_name": "BhubaneswarOne GIS (Category MapServer/22 - School OPEPA DISE)",
        "source_url": "http://bhubaneswarone.in/arcgis/rest/services/BhubaneswarOne/Category/MapServer/22/query?where=1%3D1&outFields=*&f=geojson",
        "retrieved_at": "2026-09-07T19:10:56.976Z"
      },
      "geometry": {
        "type": "Point",
        "coordinates": [
          85.78802599952759,
          20.24261099974617
        ]
      }
    },
    {
      "type": "Feature",
      "id": "fac_school_144",
      "properties": {
        "id": "fac_school_144",
        "name": "Gurukulam P.S",
        "facility_type": "SCHOOL",
        "category_detail": "Primary with Upper Primary",
        "management": "Pvt. Unaided",
        "address": "Rathroad Old Town Bhubaneswar,Odisha 751002",
        "latitude": 20.246748999914782,
        "longitude": 85.83230400016733,
        "source_type": "REAL",
        "source_name": "BhubaneswarOne GIS (Category MapServer/22 - School OPEPA DISE)",
        "source_url": "http://bhubaneswarone.in/arcgis/rest/services/BhubaneswarOne/Category/MapServer/22/query?where=1%3D1&outFields=*&f=geojson",
        "retrieved_at": "2026-09-07T19:10:56.976Z"
      },
      "geometry": {
        "type": "Point",
        "coordinates": [
          85.83230400016733,
          20.246748999914782
        ]
      }
    },
    {
      "type": "Feature",
      "id": "fac_school_145",
      "properties": {
        "id": "fac_school_145",
        "name": "St. Xavier Inter. H.S.",
        "facility_type": "SCHOOL",
        "category_detail": "Primary with Upper Primary",
        "management": "Pvt. Unaided",
        "address": "Near Tarini Mandir, Samantarapur, Bhubaneswar, Odisha 751002",
        "latitude": 20.22813900043812,
        "longitude": 85.84150999975816,
        "source_type": "REAL",
        "source_name": "BhubaneswarOne GIS (Category MapServer/22 - School OPEPA DISE)",
        "source_url": "http://bhubaneswarone.in/arcgis/rest/services/BhubaneswarOne/Category/MapServer/22/query?where=1%3D1&outFields=*&f=geojson",
        "retrieved_at": "2026-09-07T19:10:56.976Z"
      },
      "geometry": {
        "type": "Point",
        "coordinates": [
          85.84150999975816,
          20.22813900043812
        ]
      }
    },
    {
      "type": "Feature",
      "id": "fac_school_146",
      "properties": {
        "id": "fac_school_146",
        "name": "Utkal Mani Gopabandh U P S",
        "facility_type": "SCHOOL",
        "category_detail": "Primary with Upper Primary",
        "management": "Pvt. Unaided",
        "address": "Bda Colony Chandrasekarpur Phase 2 Bhubaneswar 751021, India",
        "latitude": 20.319536999602793,
        "longitude": 85.81860099985036,
        "source_type": "REAL",
        "source_name": "BhubaneswarOne GIS (Category MapServer/22 - School OPEPA DISE)",
        "source_url": "http://bhubaneswarone.in/arcgis/rest/services/BhubaneswarOne/Category/MapServer/22/query?where=1%3D1&outFields=*&f=geojson",
        "retrieved_at": "2026-09-07T19:10:56.976Z"
      },
      "geometry": {
        "type": "Point",
        "coordinates": [
          85.81860099985036,
          20.319536999602793
        ]
      }
    },
    {
      "type": "Feature",
      "id": "fac_school_147",
      "properties": {
        "id": "fac_school_147",
        "name": "St. Xavier H.S",
        "facility_type": "SCHOOL",
        "category_detail": "Primary with Upper Primary",
        "management": "Pvt. Unaided",
        "address": "Chandershekhar Pur Distt Centre ",
        "latitude": 20.326923000330353,
        "longitude": 85.81139299991095,
        "source_type": "REAL",
        "source_name": "BhubaneswarOne GIS (Category MapServer/22 - School OPEPA DISE)",
        "source_url": "http://bhubaneswarone.in/arcgis/rest/services/BhubaneswarOne/Category/MapServer/22/query?where=1%3D1&outFields=*&f=geojson",
        "retrieved_at": "2026-09-07T19:10:56.976Z"
      },
      "geometry": {
        "type": "Point",
        "coordinates": [
          85.81139299991095,
          20.326923000330353
        ]
      }
    },
    {
      "type": "Feature",
      "id": "fac_school_148",
      "properties": {
        "id": "fac_school_148",
        "name": "Kendriya Vidyalaya",
        "facility_type": "SCHOOL",
        "category_detail": "Primary with Upper Primary",
        "management": "Pvt. Unaided",
        "address": "Niladri Vihar, Chandrasekharpur, Bhubaneswar, Odisha 751021",
        "latitude": 20.32423499982994,
        "longitude": 85.81070800045389,
        "source_type": "REAL",
        "source_name": "BhubaneswarOne GIS (Category MapServer/22 - School OPEPA DISE)",
        "source_url": "http://bhubaneswarone.in/arcgis/rest/services/BhubaneswarOne/Category/MapServer/22/query?where=1%3D1&outFields=*&f=geojson",
        "retrieved_at": "2026-09-07T19:10:56.976Z"
      },
      "geometry": {
        "type": "Point",
        "coordinates": [
          85.81070800045389,
          20.32423499982994
        ]
      }
    },
    {
      "type": "Feature",
      "id": "fac_school_21171301481",
      "properties": {
        "id": "fac_school_21171301481",
        "name": "Sarswati Shishu Mandir Khandigiri Bari",
        "facility_type": "SCHOOL",
        "category_detail": "Primary",
        "management": "Pvt. Unaided",
        "address": "Khandagiri Bari ,Bhubaneswar, Odisha 751030",
        "latitude": 20.259567000330946,
        "longitude": 85.77858400015482,
        "source_type": "REAL",
        "source_name": "BhubaneswarOne GIS (Category MapServer/22 - School OPEPA DISE)",
        "source_url": "http://bhubaneswarone.in/arcgis/rest/services/BhubaneswarOne/Category/MapServer/22/query?where=1%3D1&outFields=*&f=geojson",
        "retrieved_at": "2026-09-07T19:10:56.976Z"
      },
      "geometry": {
        "type": "Point",
        "coordinates": [
          85.77858400015482,
          20.259567000330946
        ]
      }
    },
    {
      "type": "Feature",
      "id": "fac_school_150",
      "properties": {
        "id": "fac_school_150",
        "name": "Petal Public School Khandigiri Bari",
        "facility_type": "SCHOOL",
        "category_detail": "Primary",
        "management": "Pvt. Unaided",
        "address": "Khandagiri Bari ,Bhubaneswar, Odisha 751030",
        "latitude": 20.268502999583983,
        "longitude": 85.78397800007556,
        "source_type": "REAL",
        "source_name": "BhubaneswarOne GIS (Category MapServer/22 - School OPEPA DISE)",
        "source_url": "http://bhubaneswarone.in/arcgis/rest/services/BhubaneswarOne/Category/MapServer/22/query?where=1%3D1&outFields=*&f=geojson",
        "retrieved_at": "2026-09-07T19:10:56.976Z"
      },
      "geometry": {
        "type": "Point",
        "coordinates": [
          85.78397800007556,
          20.268502999583983
        ]
      }
    },
    {
      "type": "Feature",
      "id": "fac_school_151",
      "properties": {
        "id": "fac_school_151",
        "name": "Ashriwad Val Vidyalay",
        "facility_type": "SCHOOL",
        "category_detail": "Primary",
        "management": "Pvt. Unaided",
        "address": "Kolathia Khandagiri,Bhubaneswar, Odisha 751030",
        "latitude": 20.26133700004188,
        "longitude": 85.7780729997434,
        "source_type": "REAL",
        "source_name": "BhubaneswarOne GIS (Category MapServer/22 - School OPEPA DISE)",
        "source_url": "http://bhubaneswarone.in/arcgis/rest/services/BhubaneswarOne/Category/MapServer/22/query?where=1%3D1&outFields=*&f=geojson",
        "retrieved_at": "2026-09-07T19:10:56.976Z"
      },
      "geometry": {
        "type": "Point",
        "coordinates": [
          85.7780729997434,
          20.26133700004188
        ]
      }
    },
    {
      "type": "Feature",
      "id": "fac_school_21171300379",
      "properties": {
        "id": "fac_school_21171300379",
        "name": "Manchanath Dev H.S.",
        "facility_type": "SCHOOL",
        "category_detail": "Upper Pr. and Secondary",
        "management": "Pvt. Aided",
        "address": "Hansapal Road, Near Manchanath Temple, Mancheswar Industrial Estate, Kalyanipur, Mancheswar, Bhubaneswar, Odisha 751010",
        "latitude": 20.317669443850676,
        "longitude": 85.86778611128896,
        "source_type": "REAL",
        "source_name": "BhubaneswarOne GIS (Category MapServer/22 - School OPEPA DISE)",
        "source_url": "http://bhubaneswarone.in/arcgis/rest/services/BhubaneswarOne/Category/MapServer/22/query?where=1%3D1&outFields=*&f=geojson",
        "retrieved_at": "2026-09-07T19:10:56.976Z"
      },
      "geometry": {
        "type": "Point",
        "coordinates": [
          85.86778611128896,
          20.317669443850676
        ]
      }
    },
    {
      "type": "Feature",
      "id": "fac_school_21171300401",
      "properties": {
        "id": "fac_school_21171300401",
        "name": "Bapuji Nodal U.P.Sch, Gadakan",
        "facility_type": "SCHOOL",
        "category_detail": "Primary with Upper Primary",
        "management": "Department of Education",
        "address": "Near Gadeswari Temple,Garakana,Bbsr,Odisha",
        "latitude": 20.33043100037761,
        "longitude": 85.83884199989504,
        "source_type": "REAL",
        "source_name": "BhubaneswarOne GIS (Category MapServer/22 - School OPEPA DISE)",
        "source_url": "http://bhubaneswarone.in/arcgis/rest/services/BhubaneswarOne/Category/MapServer/22/query?where=1%3D1&outFields=*&f=geojson",
        "retrieved_at": "2026-09-07T19:10:56.976Z"
      },
      "geometry": {
        "type": "Point",
        "coordinates": [
          85.83884199989504,
          20.33043100037761
        ]
      }
    },
    {
      "type": "Feature",
      "id": "fac_school_21171300403",
      "properties": {
        "id": "fac_school_21171300403",
        "name": "Kabaripada P S",
        "facility_type": "SCHOOL",
        "category_detail": "Primary with Upper Primary",
        "management": "Department of Education",
        "address": "Kabaripada,Gadeswar,Bbsr,Odisha",
        "latitude": 20.328085000403046,
        "longitude": 85.8324990001322,
        "source_type": "REAL",
        "source_name": "BhubaneswarOne GIS (Category MapServer/22 - School OPEPA DISE)",
        "source_url": "http://bhubaneswarone.in/arcgis/rest/services/BhubaneswarOne/Category/MapServer/22/query?where=1%3D1&outFields=*&f=geojson",
        "retrieved_at": "2026-09-07T19:10:56.976Z"
      },
      "geometry": {
        "type": "Point",
        "coordinates": [
          85.8324990001322,
          20.328085000403046
        ]
      }
    },
    {
      "type": "Feature",
      "id": "fac_school_21171300405",
      "properties": {
        "id": "fac_school_21171300405",
        "name": "Railway Colony U P S, H.S.",
        "facility_type": "SCHOOL",
        "category_detail": "Upper Primary only",
        "management": "Govt. Aided",
        "address": "Sainik School Rd, Near Jagannath Temple,Mancheswar,Bhubaneswar, Odisha 751017",
        "latitude": 20.319793826269944,
        "longitude": 85.83574500882257,
        "source_type": "REAL",
        "source_name": "BhubaneswarOne GIS (Category MapServer/22 - School OPEPA DISE)",
        "source_url": "http://bhubaneswarone.in/arcgis/rest/services/BhubaneswarOne/Category/MapServer/22/query?where=1%3D1&outFields=*&f=geojson",
        "retrieved_at": "2026-09-07T19:10:56.976Z"
      },
      "geometry": {
        "type": "Point",
        "coordinates": [
          85.83574500882257,
          20.319793826269944
        ]
      }
    },
    {
      "type": "Feature",
      "id": "fac_school_21171300406",
      "properties": {
        "id": "fac_school_21171300406",
        "name": "Rangamatia U G U P S",
        "facility_type": "SCHOOL",
        "category_detail": "Primary with Upper Primary",
        "management": "Department of Education",
        "address": "Near Mangala Temple, Rangamatia Road, Mancheswar Industrial Estate, Rangamatia, Mancheswar, Bhubaneswar, Odisha ",
        "latitude": 20.323953999764512,
        "longitude": 85.84401399999716,
        "source_type": "REAL",
        "source_name": "BhubaneswarOne GIS (Category MapServer/22 - School OPEPA DISE)",
        "source_url": "http://bhubaneswarone.in/arcgis/rest/services/BhubaneswarOne/Category/MapServer/22/query?where=1%3D1&outFields=*&f=geojson",
        "retrieved_at": "2026-09-07T19:10:56.976Z"
      },
      "geometry": {
        "type": "Point",
        "coordinates": [
          85.84401399999716,
          20.323953999764512
        ]
      }
    },
    {
      "type": "Feature",
      "id": "fac_school_21171300407",
      "properties": {
        "id": "fac_school_21171300407",
        "name": "Sainik School",
        "facility_type": "SCHOOL",
        "category_detail": "Up. Pr. Secondary and Higher Sec",
        "management": "Central Govt.",
        "address": "Gajapati Nagar, Press Chhak,Laxmi Nagar,Bhubaneswar, Odisha ",
        "latitude": 20.314580555752233,
        "longitude": 85.84177777820032,
        "source_type": "REAL",
        "source_name": "BhubaneswarOne GIS (Category MapServer/22 - School OPEPA DISE)",
        "source_url": "http://bhubaneswarone.in/arcgis/rest/services/BhubaneswarOne/Category/MapServer/22/query?where=1%3D1&outFields=*&f=geojson",
        "retrieved_at": "2026-09-07T19:10:56.976Z"
      },
      "geometry": {
        "type": "Point",
        "coordinates": [
          85.84177777820032,
          20.314580555752233
        ]
      }
    },
    {
      "type": "Feature",
      "id": "fac_school_21171300408",
      "properties": {
        "id": "fac_school_21171300408",
        "name": "Kendriya Bidyalaya No-3",
        "facility_type": "SCHOOL",
        "category_detail": "Pr. with Up.Pr. sec. and H.Sec.",
        "management": "Central Govt.",
        "address": "Gadaksna Rd,Mancheswar Industrial Estate, Bhubaneswar, Odisha 751017",
        "latitude": 20.32666388916331,
        "longitude": 85.83005555619634,
        "source_type": "REAL",
        "source_name": "BhubaneswarOne GIS (Category MapServer/22 - School OPEPA DISE)",
        "source_url": "http://bhubaneswarone.in/arcgis/rest/services/BhubaneswarOne/Category/MapServer/22/query?where=1%3D1&outFields=*&f=geojson",
        "retrieved_at": "2026-09-07T19:10:56.976Z"
      },
      "geometry": {
        "type": "Point",
        "coordinates": [
          85.83005555619634,
          20.32666388916331
        ]
      }
    },
    {
      "type": "Feature",
      "id": "fac_school_21171300451",
      "properties": {
        "id": "fac_school_21171300451",
        "name": "Gitb Press Up(M.E)S, Sainik Sch. Are",
        "facility_type": "SCHOOL",
        "category_detail": "Upper Primary,Block Grant",
        "management": "Department of Education",
        "address": "Ministery of Info & Broadcasting,Chandrasekharpur,Bbsr",
        "latitude": 20.3179369995911,
        "longitude": 85.82510299958153,
        "source_type": "REAL",
        "source_name": "BhubaneswarOne GIS (Category MapServer/22 - School OPEPA DISE)",
        "source_url": "http://bhubaneswarone.in/arcgis/rest/services/BhubaneswarOne/Category/MapServer/22/query?where=1%3D1&outFields=*&f=geojson",
        "retrieved_at": "2026-09-07T19:10:56.976Z"
      },
      "geometry": {
        "type": "Point",
        "coordinates": [
          85.82510299958153,
          20.3179369995911
        ]
      }
    },
    {
      "type": "Feature",
      "id": "fac_school_21171300453",
      "properties": {
        "id": "fac_school_21171300453",
        "name": "Goderswar H.S. Gadakana",
        "facility_type": "SCHOOL",
        "category_detail": "Upper Pr. and Secondary",
        "management": "Blockgrant",
        "address": "Gadakana, Bhubaneswar, Odisha 751017",
        "latitude": 20.331018999824824,
        "longitude": 85.83331299954904,
        "source_type": "REAL",
        "source_name": "BhubaneswarOne GIS (Category MapServer/22 - School OPEPA DISE)",
        "source_url": "http://bhubaneswarone.in/arcgis/rest/services/BhubaneswarOne/Category/MapServer/22/query?where=1%3D1&outFields=*&f=geojson",
        "retrieved_at": "2026-09-07T19:10:56.976Z"
      },
      "geometry": {
        "type": "Point",
        "coordinates": [
          85.83331299954904,
          20.331018999824824
        ]
      }
    },
    {
      "type": "Feature",
      "id": "fac_school_21171300475",
      "properties": {
        "id": "fac_school_21171300475",
        "name": "Santhi Shishu Mandir, Mancheswar",
        "facility_type": "SCHOOL",
        "category_detail": "Primary with Secondary",
        "management": "Pvt. Unaided",
        "address": "Near Mosque, Mancheswar Station Road,Adimata Colony, Mancheswar Industrial Estate, Mancheswar,Bhubaneswar, Odisha 751017",
        "latitude": 20.31951666702686,
        "longitude": 85.82994166659478,
        "source_type": "REAL",
        "source_name": "BhubaneswarOne GIS (Category MapServer/22 - School OPEPA DISE)",
        "source_url": "http://bhubaneswarone.in/arcgis/rest/services/BhubaneswarOne/Category/MapServer/22/query?where=1%3D1&outFields=*&f=geojson",
        "retrieved_at": "2026-09-07T19:10:56.976Z"
      },
      "geometry": {
        "type": "Point",
        "coordinates": [
          85.82994166659478,
          20.31951666702686
        ]
      }
    },
    {
      "type": "Feature",
      "id": "fac_school_21171300477",
      "properties": {
        "id": "fac_school_21171300477",
        "name": "Bal Sainika School, BBSR",
        "facility_type": "SCHOOL",
        "category_detail": "Primary",
        "management": "Un-Recognised",
        "address": "Gajapati Nagar, Press Chhak,Laxmi Nagar,Bhubaneswar, Odisha ",
        "latitude": 20.31444444409449,
        "longitude": 85.8419333331491,
        "source_type": "REAL",
        "source_name": "BhubaneswarOne GIS (Category MapServer/22 - School OPEPA DISE)",
        "source_url": "http://bhubaneswarone.in/arcgis/rest/services/BhubaneswarOne/Category/MapServer/22/query?where=1%3D1&outFields=*&f=geojson",
        "retrieved_at": "2026-09-07T19:10:56.976Z"
      },
      "geometry": {
        "type": "Point",
        "coordinates": [
          85.8419333331491,
          20.31444444409449
        ]
      }
    },
    {
      "type": "Feature",
      "id": "fac_school_21171300501",
      "properties": {
        "id": "fac_school_21171300501",
        "name": "Bhotapada P S",
        "facility_type": "SCHOOL",
        "category_detail": "Primary",
        "management": "Department of Education",
        "address": "At-Bhotapada,Po-Mancheswar,Bbsr,Odisha",
        "latitude": 20.324801000311858,
        "longitude": 85.84777299987196,
        "source_type": "REAL",
        "source_name": "BhubaneswarOne GIS (Category MapServer/22 - School OPEPA DISE)",
        "source_url": "http://bhubaneswarone.in/arcgis/rest/services/BhubaneswarOne/Category/MapServer/22/query?where=1%3D1&outFields=*&f=geojson",
        "retrieved_at": "2026-09-07T19:10:56.976Z"
      },
      "geometry": {
        "type": "Point",
        "coordinates": [
          85.84777299987196,
          20.324801000311858
        ]
      }
    },
    {
      "type": "Feature",
      "id": "fac_school_21171300502",
      "properties": {
        "id": "fac_school_21171300502",
        "name": "Chakeisihani U G U P S",
        "facility_type": "SCHOOL",
        "category_detail": "Primary with Upper Primary",
        "management": "Department of Education",
        "address": "Trinatha Colony,Chakeisiani,Bbsr,Odisha",
        "latitude": 20.314548000293833,
        "longitude": 85.8575049998757,
        "source_type": "REAL",
        "source_name": "BhubaneswarOne GIS (Category MapServer/22 - School OPEPA DISE)",
        "source_url": "http://bhubaneswarone.in/arcgis/rest/services/BhubaneswarOne/Category/MapServer/22/query?where=1%3D1&outFields=*&f=geojson",
        "retrieved_at": "2026-09-07T19:10:56.976Z"
      },
      "geometry": {
        "type": "Point",
        "coordinates": [
          85.8575049998757,
          20.314548000293833
        ]
      }
    },
    {
      "type": "Feature",
      "id": "fac_school_21171300504",
      "properties": {
        "id": "fac_school_21171300504",
        "name": "Mancheswar U G U P S",
        "facility_type": "SCHOOL",
        "category_detail": "Primary with Upper Primary",
        "management": "Department of Education",
        "address": "Near Manchanathdev Temple,Mancheswar,Bbbsr,Odisha-751007",
        "latitude": 20.31843969249113,
        "longitude": 85.86740113875739,
        "source_type": "REAL",
        "source_name": "BhubaneswarOne GIS (Category MapServer/22 - School OPEPA DISE)",
        "source_url": "http://bhubaneswarone.in/arcgis/rest/services/BhubaneswarOne/Category/MapServer/22/query?where=1%3D1&outFields=*&f=geojson",
        "retrieved_at": "2026-09-07T19:10:56.976Z"
      },
      "geometry": {
        "type": "Point",
        "coordinates": [
          85.86740113875739,
          20.31843969249113
        ]
      }
    },
    {
      "type": "Feature",
      "id": "fac_school_21171300571",
      "properties": {
        "id": "fac_school_21171300571",
        "name": "Silpanchal Bidyalaya",
        "facility_type": "SCHOOL",
        "category_detail": "Primary with Upper Primary",
        "management": "Pvt. Unaided",
        "address": "C/L 21,Idco Colony,Sector-A,,Vss Nagar,Bbsr,Odisha-751007",
        "latitude": 20.308577000327908,
        "longitude": 85.84887999960016,
        "source_type": "REAL",
        "source_name": "BhubaneswarOne GIS (Category MapServer/22 - School OPEPA DISE)",
        "source_url": "http://bhubaneswarone.in/arcgis/rest/services/BhubaneswarOne/Category/MapServer/22/query?where=1%3D1&outFields=*&f=geojson",
        "retrieved_at": "2026-09-07T19:10:56.976Z"
      },
      "geometry": {
        "type": "Point",
        "coordinates": [
          85.84887999960016,
          20.308577000327908
        ]
      }
    },
    {
      "type": "Feature",
      "id": "fac_school_21171300573",
      "properties": {
        "id": "fac_school_21171300573",
        "name": "Oxford Model Public School",
        "facility_type": "SCHOOL",
        "category_detail": "Primary",
        "management": "Un-Recognised",
        "address": "Infront of Govt, School, Sameigadia, Mancheswar Industrial Estate, Bhubaneswar, Odisha 751010",
        "latitude": 20.310077777633545,
        "longitude": 85.857777777969,
        "source_type": "REAL",
        "source_name": "BhubaneswarOne GIS (Category MapServer/22 - School OPEPA DISE)",
        "source_url": "http://bhubaneswarone.in/arcgis/rest/services/BhubaneswarOne/Category/MapServer/22/query?where=1%3D1&outFields=*&f=geojson",
        "retrieved_at": "2026-09-07T19:10:56.976Z"
      },
      "geometry": {
        "type": "Point",
        "coordinates": [
          85.857777777969,
          20.310077777633545
        ]
      }
    },
    {
      "type": "Feature",
      "id": "fac_school_21171300574",
      "properties": {
        "id": "fac_school_21171300574",
        "name": "V.S.K  Chakeisihani",
        "facility_type": "SCHOOL",
        "category_detail": "Pr. Up Pr. and Secondary Only",
        "management": "Department of Education",
        "address": "Chakeisiani,Bbsr,Odisha",
        "latitude": 20.314882999747432,
        "longitude": 85.85995199981097,
        "source_type": "REAL",
        "source_name": "BhubaneswarOne GIS (Category MapServer/22 - School OPEPA DISE)",
        "source_url": "http://bhubaneswarone.in/arcgis/rest/services/BhubaneswarOne/Category/MapServer/22/query?where=1%3D1&outFields=*&f=geojson",
        "retrieved_at": "2026-09-07T19:10:56.976Z"
      },
      "geometry": {
        "type": "Point",
        "coordinates": [
          85.85995199981097,
          20.314882999747432
        ]
      }
    },
    {
      "type": "Feature",
      "id": "fac_school_21171300575",
      "properties": {
        "id": "fac_school_21171300575",
        "name": "Gyandeep Bidyapitha, Mancheswar",
        "facility_type": "SCHOOL",
        "category_detail": "Primary with Upper Primary",
        "management": "Department of Education",
        "address": "Chakeisiani,Bbsr,Odisha",
        "latitude": 20.31694500039059,
        "longitude": 85.85196499959595,
        "source_type": "REAL",
        "source_name": "BhubaneswarOne GIS (Category MapServer/22 - School OPEPA DISE)",
        "source_url": "http://bhubaneswarone.in/arcgis/rest/services/BhubaneswarOne/Category/MapServer/22/query?where=1%3D1&outFields=*&f=geojson",
        "retrieved_at": "2026-09-07T19:10:56.976Z"
      },
      "geometry": {
        "type": "Point",
        "coordinates": [
          85.85196499959595,
          20.31694500039059
        ]
      }
    },
    {
      "type": "Feature",
      "id": "fac_school_21171300579",
      "properties": {
        "id": "fac_school_21171300579",
        "name": "Bidyashree Bidyamandir",
        "facility_type": "SCHOOL",
        "category_detail": "Primary",
        "management": "Un-Recognised",
        "address": "Canal Rd, Opposite Rss,Mancheswar Industrial Estate,Bhubaneswar, Odisha 751010",
        "latitude": 20.315327733779682,
        "longitude": 85.85247250229473,
        "source_type": "REAL",
        "source_name": "BhubaneswarOne GIS (Category MapServer/22 - School OPEPA DISE)",
        "source_url": "http://bhubaneswarone.in/arcgis/rest/services/BhubaneswarOne/Category/MapServer/22/query?where=1%3D1&outFields=*&f=geojson",
        "retrieved_at": "2026-09-07T19:10:56.976Z"
      },
      "geometry": {
        "type": "Point",
        "coordinates": [
          85.85247250229473,
          20.315327733779682
        ]
      }
    },
    {
      "type": "Feature",
      "id": "fac_school_21171300802",
      "properties": {
        "id": "fac_school_21171300802",
        "name": "R R L Colony Project U P S",
        "facility_type": "SCHOOL",
        "category_detail": "Primary with Upper Primary",
        "management": "Department of Education",
        "address": "Door Darsan Colony,Gajapati Nagar,Bbsr-751013",
        "latitude": 20.300708999948938,
        "longitude": 85.82439199986325,
        "source_type": "REAL",
        "source_name": "BhubaneswarOne GIS (Category MapServer/22 - School OPEPA DISE)",
        "source_url": "http://bhubaneswarone.in/arcgis/rest/services/BhubaneswarOne/Category/MapServer/22/query?where=1%3D1&outFields=*&f=geojson",
        "retrieved_at": "2026-09-07T19:10:56.976Z"
      },
      "geometry": {
        "type": "Point",
        "coordinates": [
          85.82439199986325,
          20.300708999948938
        ]
      }
    },
    {
      "type": "Feature",
      "id": "fac_school_21171300803",
      "properties": {
        "id": "fac_school_21171300803",
        "name": "Second Postal Colony P S",
        "facility_type": "SCHOOL",
        "category_detail": "Primary",
        "management": "Department of Education",
        "address": "Bsnl Colony,Bbsr,Odisha,751007",
        "latitude": 20.298702778002976,
        "longitude": 85.84848888915253,
        "source_type": "REAL",
        "source_name": "BhubaneswarOne GIS (Category MapServer/22 - School OPEPA DISE)",
        "source_url": "http://bhubaneswarone.in/arcgis/rest/services/BhubaneswarOne/Category/MapServer/22/query?where=1%3D1&outFields=*&f=geojson",
        "retrieved_at": "2026-09-07T19:10:56.976Z"
      },
      "geometry": {
        "type": "Point",
        "coordinates": [
          85.84848888915253,
          20.298702778002976
        ]
      }
    },
    {
      "type": "Feature",
      "id": "fac_school_21171300804",
      "properties": {
        "id": "fac_school_21171300804",
        "name": "University H.S.",
        "facility_type": "SCHOOL",
        "category_detail": "Pr. Up Pr. and Secondary Only",
        "management": "Department of Education",
        "address": "Vani Vihar,Nilakantha Nagar, Nayapalli,Bhubaneswar, Odisha 751001",
        "latitude": 20.28407500041988,
        "longitude": 85.81528333252729,
        "source_type": "REAL",
        "source_name": "BhubaneswarOne GIS (Category MapServer/22 - School OPEPA DISE)",
        "source_url": "http://bhubaneswarone.in/arcgis/rest/services/BhubaneswarOne/Category/MapServer/22/query?where=1%3D1&outFields=*&f=geojson",
        "retrieved_at": "2026-09-07T19:10:56.976Z"
      },
      "geometry": {
        "type": "Point",
        "coordinates": [
          85.81528333252729,
          20.28407500041988
        ]
      }
    },
    {
      "type": "Feature",
      "id": "fac_school_21171300805",
      "properties": {
        "id": "fac_school_21171300805",
        "name": "V.S.S. Nagar U.G.U.P S",
        "facility_type": "SCHOOL",
        "category_detail": "Pr. Up Pr. and Secondary Only",
        "management": "Department of Education",
        "address": "Vss Nagar Road,Bbsr,Odisha-751007",
        "latitude": 20.302932999844366,
        "longitude": 85.8468380004769,
        "source_type": "REAL",
        "source_name": "BhubaneswarOne GIS (Category MapServer/22 - School OPEPA DISE)",
        "source_url": "http://bhubaneswarone.in/arcgis/rest/services/BhubaneswarOne/Category/MapServer/22/query?where=1%3D1&outFields=*&f=geojson",
        "retrieved_at": "2026-09-07T19:10:56.976Z"
      },
      "geometry": {
        "type": "Point",
        "coordinates": [
          85.8468380004769,
          20.302932999844366
        ]
      }
    },
    {
      "type": "Feature",
      "id": "fac_school_21171300806",
      "properties": {
        "id": "fac_school_21171300806",
        "name": "Govt. H.S. VSS Nagar",
        "facility_type": "SCHOOL",
        "category_detail": "Upper Pr. and Secondary",
        "management": "Department of Education",
        "address": "Ge-19,Vss Nagar,Bbsr,Odisha-751007",
        "latitude": 20.305135000122547,
        "longitude": 85.84625300037314,
        "source_type": "REAL",
        "source_name": "BhubaneswarOne GIS (Category MapServer/22 - School OPEPA DISE)",
        "source_url": "http://bhubaneswarone.in/arcgis/rest/services/BhubaneswarOne/Category/MapServer/22/query?where=1%3D1&outFields=*&f=geojson",
        "retrieved_at": "2026-09-07T19:10:56.976Z"
      },
      "geometry": {
        "type": "Point",
        "coordinates": [
          85.84625300037314,
          20.305135000122547
        ]
      }
    },
    {
      "type": "Feature",
      "id": "fac_school_21171300851",
      "properties": {
        "id": "fac_school_21171300851",
        "name": "Prabhuji Engilsh Medium School, VSS",
        "facility_type": "SCHOOL",
        "category_detail": "Pr. with Up.Pr. sec. and H.Sec.",
        "management": "Pvt. Unaided",
        "address": "Near Indian Overseas Bank,V.S.S. Nagar,Bhubaneswar, Odisha 751007",
        "latitude": 20.303438888752304,
        "longitude": 85.84793055642072,
        "source_type": "REAL",
        "source_name": "BhubaneswarOne GIS (Category MapServer/22 - School OPEPA DISE)",
        "source_url": "http://bhubaneswarone.in/arcgis/rest/services/BhubaneswarOne/Category/MapServer/22/query?where=1%3D1&outFields=*&f=geojson",
        "retrieved_at": "2026-09-07T19:10:56.976Z"
      },
      "geometry": {
        "type": "Point",
        "coordinates": [
          85.84793055642072,
          20.303438888752304
        ]
      }
    },
    {
      "type": "Feature",
      "id": "fac_school_21171300852",
      "properties": {
        "id": "fac_school_21171300852",
        "name": "Vira Surendra Sai Vidyamandir, VSS Nagar",
        "facility_type": "SCHOOL",
        "category_detail": "Primary with Upper Primary",
        "management": "Department of Education",
        "address": "Near Sai Temple, V.S.S. Nagar, Bhubaneswar, Odisha 751007",
        "latitude": 20.308983000113766,
        "longitude": 85.84492699998167,
        "source_type": "REAL",
        "source_name": "BhubaneswarOne GIS (Category MapServer/22 - School OPEPA DISE)",
        "source_url": "http://bhubaneswarone.in/arcgis/rest/services/BhubaneswarOne/Category/MapServer/22/query?where=1%3D1&outFields=*&f=geojson",
        "retrieved_at": "2026-09-07T19:10:56.976Z"
      },
      "geometry": {
        "type": "Point",
        "coordinates": [
          85.84492699998167,
          20.308983000113766
        ]
      }
    },
    {
      "type": "Feature",
      "id": "fac_school_21171300872",
      "properties": {
        "id": "fac_school_21171300872",
        "name": "Model E.M. School, VSS Nagar",
        "facility_type": "SCHOOL",
        "category_detail": "Primary",
        "management": "Department of Education",
        "address": "Near Label Crossing, Vss Nagar, Bhubaneswar, Odisha 751007",
        "latitude": 20.31044799960312,
        "longitude": 85.8470420000995,
        "source_type": "REAL",
        "source_name": "BhubaneswarOne GIS (Category MapServer/22 - School OPEPA DISE)",
        "source_url": "http://bhubaneswarone.in/arcgis/rest/services/BhubaneswarOne/Category/MapServer/22/query?where=1%3D1&outFields=*&f=geojson",
        "retrieved_at": "2026-09-07T19:10:56.976Z"
      },
      "geometry": {
        "type": "Point",
        "coordinates": [
          85.8470420000995,
          20.31044799960312
        ]
      }
    },
    {
      "type": "Feature",
      "id": "fac_school_21171300901",
      "properties": {
        "id": "fac_school_21171300901",
        "name": "Govt. U P S, Osap 7Th Btln",
        "facility_type": "SCHOOL",
        "category_detail": "Primary with Upper Primary",
        "management": "Department of Education",
        "address": "Osap Campus, Hase 2, Sailashree Vihar, Chandrasekharpur,Bhubaneswar, Odisha ",
        "latitude": 20.309616488313594,
        "longitude": 85.82621499989823,
        "source_type": "REAL",
        "source_name": "BhubaneswarOne GIS (Category MapServer/22 - School OPEPA DISE)",
        "source_url": "http://bhubaneswarone.in/arcgis/rest/services/BhubaneswarOne/Category/MapServer/22/query?where=1%3D1&outFields=*&f=geojson",
        "retrieved_at": "2026-09-07T19:10:56.976Z"
      },
      "geometry": {
        "type": "Point",
        "coordinates": [
          85.82621499989823,
          20.309616488313594
        ]
      }
    },
    {
      "type": "Feature",
      "id": "fac_school_21171300902",
      "properties": {
        "id": "fac_school_21171300902",
        "name": "Janata Nagar Project Pry. Salia Sah",
        "facility_type": "SCHOOL",
        "category_detail": "Primary",
        "management": "Department of Education",
        "address": "Janata Nagar,Saliasahi,Jaydev Vihar,Bbsr",
        "latitude": 20.2979370000289,
        "longitude": 85.81681500016107,
        "source_type": "REAL",
        "source_name": "BhubaneswarOne GIS (Category MapServer/22 - School OPEPA DISE)",
        "source_url": "http://bhubaneswarone.in/arcgis/rest/services/BhubaneswarOne/Category/MapServer/22/query?where=1%3D1&outFields=*&f=geojson",
        "retrieved_at": "2026-09-07T19:10:56.976Z"
      },
      "geometry": {
        "type": "Point",
        "coordinates": [
          85.81681500016107,
          20.2979370000289
        ]
      }
    },
    {
      "type": "Feature",
      "id": "fac_school_21171300952",
      "properties": {
        "id": "fac_school_21171300952",
        "name": "O.S.A.P Bn H.S. C.S Pur",
        "facility_type": "SCHOOL",
        "category_detail": "Upper Pr. and Secondary",
        "management": "Pvt. Aided",
        "address": "Osap Campus, Hase 2, Sailashree Vihar, Chandrasekharpur,Bhubaneswar, Odisha ",
        "latitude": 20.30960199991321,
        "longitude": 85.82621499993961,
        "source_type": "REAL",
        "source_name": "BhubaneswarOne GIS (Category MapServer/22 - School OPEPA DISE)",
        "source_url": "http://bhubaneswarone.in/arcgis/rest/services/BhubaneswarOne/Category/MapServer/22/query?where=1%3D1&outFields=*&f=geojson",
        "retrieved_at": "2026-09-07T19:10:56.976Z"
      },
      "geometry": {
        "type": "Point",
        "coordinates": [
          85.82621499993961,
          20.30960199991321
        ]
      }
    },
    {
      "type": "Feature",
      "id": "fac_school_21171300971",
      "properties": {
        "id": "fac_school_21171300971",
        "name": "Adivsigaon P P S",
        "facility_type": "SCHOOL",
        "category_detail": "Primary",
        "management": "Department of Education",
        "address": "Adivasigaon.Project Primary,Jaydev Vihar ,Saliasahi",
        "latitude": 20.29937000000534,
        "longitude": 85.80638300046621,
        "source_type": "REAL",
        "source_name": "BhubaneswarOne GIS (Category MapServer/22 - School OPEPA DISE)",
        "source_url": "http://bhubaneswarone.in/arcgis/rest/services/BhubaneswarOne/Category/MapServer/22/query?where=1%3D1&outFields=*&f=geojson",
        "retrieved_at": "2026-09-07T19:10:56.976Z"
      },
      "geometry": {
        "type": "Point",
        "coordinates": [
          85.80638300046621,
          20.29937000000534
        ]
      }
    },
    {
      "type": "Feature",
      "id": "fac_school_21171300977",
      "properties": {
        "id": "fac_school_21171300977",
        "name": "Banishree Vidyamandir, Jadev Vihar",
        "facility_type": "SCHOOL",
        "category_detail": "Primary with Upper Primary",
        "management": "Un-Recognised",
        "address": "Backside of Hotel Mayfair ,Jaydev Vihar ,Saliasahi,Bbsr",
        "latitude": 20.301700999760556,
        "longitude": 85.81842900007248,
        "source_type": "REAL",
        "source_name": "BhubaneswarOne GIS (Category MapServer/22 - School OPEPA DISE)",
        "source_url": "http://bhubaneswarone.in/arcgis/rest/services/BhubaneswarOne/Category/MapServer/22/query?where=1%3D1&outFields=*&f=geojson",
        "retrieved_at": "2026-09-07T19:10:56.976Z"
      },
      "geometry": {
        "type": "Point",
        "coordinates": [
          85.81842900007248,
          20.301700999760556
        ]
      }
    },
    {
      "type": "Feature",
      "id": "fac_school_21171300978",
      "properties": {
        "id": "fac_school_21171300978",
        "name": "A.G. Mission School",
        "facility_type": "SCHOOL",
        "category_detail": "Primary with Upper Primary",
        "management": "Un-Recognised",
        "address": "Ward No 21, Salia Sahi,Jaydev Vihar, Bhubaneswar-751013",
        "latitude": 20.299431000247452,
        "longitude": 85.80690700022399,
        "source_type": "REAL",
        "source_name": "BhubaneswarOne GIS (Category MapServer/22 - School OPEPA DISE)",
        "source_url": "http://bhubaneswarone.in/arcgis/rest/services/BhubaneswarOne/Category/MapServer/22/query?where=1%3D1&outFields=*&f=geojson",
        "retrieved_at": "2026-09-07T19:10:56.976Z"
      },
      "geometry": {
        "type": "Point",
        "coordinates": [
          85.80690700022399,
          20.299431000247452
        ]
      }
    },
    {
      "type": "Feature",
      "id": "fac_school_21171300979",
      "properties": {
        "id": "fac_school_21171300979",
        "name": "Vivekananda Sikshya Kendra, Saliasah",
        "facility_type": "SCHOOL",
        "category_detail": "Primary with Upper Primary",
        "management": "Un-Recognised",
        "address": "Ward No: 21, Salia Sahi, Jaydev Vihar 751013",
        "latitude": 20.302018999894152,
        "longitude": 85.80778199987789,
        "source_type": "REAL",
        "source_name": "BhubaneswarOne GIS (Category MapServer/22 - School OPEPA DISE)",
        "source_url": "http://bhubaneswarone.in/arcgis/rest/services/BhubaneswarOne/Category/MapServer/22/query?where=1%3D1&outFields=*&f=geojson",
        "retrieved_at": "2026-09-07T19:10:56.976Z"
      },
      "geometry": {
        "type": "Point",
        "coordinates": [
          85.80778199987789,
          20.302018999894152
        ]
      }
    },
    {
      "type": "Feature",
      "id": "fac_school_21171300980",
      "properties": {
        "id": "fac_school_21171300980",
        "name": "Ekamra Vihar New Proj P S",
        "facility_type": "SCHOOL",
        "category_detail": "Primary",
        "management": "Department of Education",
        "address": "Saliasahi,Jaydev Vihar,Bbsr-751013",
        "latitude": 20.302437999604106,
        "longitude": 85.80989000030044,
        "source_type": "REAL",
        "source_name": "BhubaneswarOne GIS (Category MapServer/22 - School OPEPA DISE)",
        "source_url": "http://bhubaneswarone.in/arcgis/rest/services/BhubaneswarOne/Category/MapServer/22/query?where=1%3D1&outFields=*&f=geojson",
        "retrieved_at": "2026-09-07T19:10:56.976Z"
      },
      "geometry": {
        "type": "Point",
        "coordinates": [
          85.80989000030044,
          20.302437999604106
        ]
      }
    },
    {
      "type": "Feature",
      "id": "fac_school_21171300676",
      "properties": {
        "id": "fac_school_21171300676",
        "name": "Loyola Odia H.S. CS Pur",
        "facility_type": "SCHOOL",
        "category_detail": "Pr. Up Pr. and Secondary Only",
        "management": "Un-Recognised",
        "address": "Plot No: L1, Gate No: 2, Ward No: 26, Salia Sahi, Jaydev Vihar 751013,Rail Vihar, Chandrasekharpurbhubaneswar, Odisha 751013",
        "latitude": 20.307325000176537,
        "longitude": 85.81222799991153,
        "source_type": "REAL",
        "source_name": "BhubaneswarOne GIS (Category MapServer/22 - School OPEPA DISE)",
        "source_url": "http://bhubaneswarone.in/arcgis/rest/services/BhubaneswarOne/Category/MapServer/22/query?where=1%3D1&outFields=*&f=geojson",
        "retrieved_at": "2026-09-07T19:10:56.976Z"
      },
      "geometry": {
        "type": "Point",
        "coordinates": [
          85.81222799991153,
          20.307325000176537
        ]
      }
    },
    {
      "type": "Feature",
      "id": "fac_school_21171300985",
      "properties": {
        "id": "fac_school_21171300985",
        "name": "St. Xavier H.S. Gadakana",
        "facility_type": "SCHOOL",
        "category_detail": "Primary with Upper Primary",
        "management": "Pvt. Unaided",
        "address": "Infront of Railway Stadium,Mancheswar,Bbsr,Odisha",
        "latitude": 20.320479000140697,
        "longitude": 85.83024800029132,
        "source_type": "REAL",
        "source_name": "BhubaneswarOne GIS (Category MapServer/22 - School OPEPA DISE)",
        "source_url": "http://bhubaneswarone.in/arcgis/rest/services/BhubaneswarOne/Category/MapServer/22/query?where=1%3D1&outFields=*&f=geojson",
        "retrieved_at": "2026-09-07T19:10:56.976Z"
      },
      "geometry": {
        "type": "Point",
        "coordinates": [
          85.83024800029132,
          20.320479000140697
        ]
      }
    },
    {
      "type": "Feature",
      "id": "fac_school_21171301001",
      "properties": {
        "id": "fac_school_21171301001",
        "name": "Govt. H S, IRC Village",
        "facility_type": "SCHOOL",
        "category_detail": "Upper Pr. and Secondary",
        "management": "Department of Education",
        "address": "Near Id Market,N4, Block N4, Irc Village, Nayapalli,Bhubaneswar, Odisha 751015",
        "latitude": 20.294753000065906,
        "longitude": 85.81200300002003,
        "source_type": "REAL",
        "source_name": "BhubaneswarOne GIS (Category MapServer/22 - School OPEPA DISE)",
        "source_url": "http://bhubaneswarone.in/arcgis/rest/services/BhubaneswarOne/Category/MapServer/22/query?where=1%3D1&outFields=*&f=geojson",
        "retrieved_at": "2026-09-07T19:10:56.976Z"
      },
      "geometry": {
        "type": "Point",
        "coordinates": [
          85.81200300002003,
          20.294753000065906
        ]
      }
    },
    {
      "type": "Feature",
      "id": "fac_school_21171301002",
      "properties": {
        "id": "fac_school_21171301002",
        "name": "Govt. P.S, I R C Village, S-1",
        "facility_type": "SCHOOL",
        "category_detail": "Primary",
        "management": "Department of Education",
        "address": "Behind Swapneswara Temple Block-N1,Irc Village, Nayapallli,Bbsr-751015,",
        "latitude": 20.289002000323503,
        "longitude": 85.80860099994138,
        "source_type": "REAL",
        "source_name": "BhubaneswarOne GIS (Category MapServer/22 - School OPEPA DISE)",
        "source_url": "http://bhubaneswarone.in/arcgis/rest/services/BhubaneswarOne/Category/MapServer/22/query?where=1%3D1&outFields=*&f=geojson",
        "retrieved_at": "2026-09-07T19:10:56.976Z"
      },
      "geometry": {
        "type": "Point",
        "coordinates": [
          85.80860099994138,
          20.289002000323503
        ]
      }
    },
    {
      "type": "Feature",
      "id": "fac_school_21171301003",
      "properties": {
        "id": "fac_school_21171301003",
        "name": "Govt. P S. I R C Village, S-6",
        "facility_type": "SCHOOL",
        "category_detail": "Primary with Upper Primary",
        "management": "Department of Education",
        "address": "Block-N6,Irc Village,Jaydev Vihar,Bbsr-751015",
        "latitude": 20.29406799974346,
        "longitude": 85.81958599998751,
        "source_type": "REAL",
        "source_name": "BhubaneswarOne GIS (Category MapServer/22 - School OPEPA DISE)",
        "source_url": "http://bhubaneswarone.in/arcgis/rest/services/BhubaneswarOne/Category/MapServer/22/query?where=1%3D1&outFields=*&f=geojson",
        "retrieved_at": "2026-09-07T19:10:56.976Z"
      },
      "geometry": {
        "type": "Point",
        "coordinates": [
          85.81958599998751,
          20.29406799974346
        ]
      }
    },
    {
      "type": "Feature",
      "id": "fac_school_21171301052",
      "properties": {
        "id": "fac_school_21171301052",
        "name": "Ramakrishna Shiksha Kendra",
        "facility_type": "SCHOOL",
        "category_detail": "Primary with Upper Primary",
        "management": "Pvt. Unaided",
        "address": "Plot No 484(Point), N-5, Irc Village, Nayapalli ,Bhubaneswar, Odisha 751015",
        "latitude": 20.296482999910925,
        "longitude": 85.81504199988723,
        "source_type": "REAL",
        "source_name": "BhubaneswarOne GIS (Category MapServer/22 - School OPEPA DISE)",
        "source_url": "http://bhubaneswarone.in/arcgis/rest/services/BhubaneswarOne/Category/MapServer/22/query?where=1%3D1&outFields=*&f=geojson",
        "retrieved_at": "2026-09-07T19:10:56.976Z"
      },
      "geometry": {
        "type": "Point",
        "coordinates": [
          85.81504199988723,
          20.296482999910925
        ]
      }
    },
    {
      "type": "Feature",
      "id": "fac_school_21171301053",
      "properties": {
        "id": "fac_school_21171301053",
        "name": "Srimad Bhagabatgita Vidya Mandir Ir",
        "facility_type": "SCHOOL",
        "category_detail": "Pr. Up Pr. and Secondary Only",
        "management": "Pvt. Unaided",
        "address": "Plot No-3412,Near The Presidency,Irc Village,Bhubaneswar,Nilakantha Nagar, Nayapalli,Bhubaneswar, Odisha 751012",
        "latitude": 20.282802999791,
        "longitude": 85.81499200002888,
        "source_type": "REAL",
        "source_name": "BhubaneswarOne GIS (Category MapServer/22 - School OPEPA DISE)",
        "source_url": "http://bhubaneswarone.in/arcgis/rest/services/BhubaneswarOne/Category/MapServer/22/query?where=1%3D1&outFields=*&f=geojson",
        "retrieved_at": "2026-09-07T19:10:56.976Z"
      },
      "geometry": {
        "type": "Point",
        "coordinates": [
          85.81499200002888,
          20.282802999791
        ]
      }
    },
    {
      "type": "Feature",
      "id": "fac_school_198",
      "properties": {
        "id": "fac_school_198",
        "name": "Blossom School, IRC Village",
        "facility_type": "SCHOOL",
        "category_detail": "Primary with Upper Primary",
        "management": "Un-Recognised",
        "address": "N-2/27, Near Iskcon Temple, National Highway-4, Irc Village, Nayapalli,Bhubaneswar, Odisha 751015",
        "latitude": 20.29180000004099,
        "longitude": 85.80705000009567,
        "source_type": "REAL",
        "source_name": "BhubaneswarOne GIS (Category MapServer/22 - School OPEPA DISE)",
        "source_url": "http://bhubaneswarone.in/arcgis/rest/services/BhubaneswarOne/Category/MapServer/22/query?where=1%3D1&outFields=*&f=geojson",
        "retrieved_at": "2026-09-07T19:10:56.976Z"
      },
      "geometry": {
        "type": "Point",
        "coordinates": [
          85.80705000009567,
          20.29180000004099
        ]
      }
    },
    {
      "type": "Feature",
      "id": "fac_school_21171301073",
      "properties": {
        "id": "fac_school_21171301073",
        "name": "Maharisi Pub. School, IRC Village",
        "facility_type": "SCHOOL",
        "category_detail": "Primary",
        "management": "Un-Recognised",
        "address": "N3-B14/15, Irc Village,N3, Block N3, Irc Village, Nayapalli,Bhubaneswar, Odisha 751015",
        "latitude": 20.29652799999057,
        "longitude": 85.80830000044176,
        "source_type": "REAL",
        "source_name": "BhubaneswarOne GIS (Category MapServer/22 - School OPEPA DISE)",
        "source_url": "http://bhubaneswarone.in/arcgis/rest/services/BhubaneswarOne/Category/MapServer/22/query?where=1%3D1&outFields=*&f=geojson",
        "retrieved_at": "2026-09-07T19:10:56.976Z"
      },
      "geometry": {
        "type": "Point",
        "coordinates": [
          85.80830000044176,
          20.29652799999057
        ]
      }
    },
    {
      "type": "Feature",
      "id": "fac_school_21171301077",
      "properties": {
        "id": "fac_school_21171301077",
        "name": "Saraswati Sishu Mandir, IRC Village",
        "facility_type": "SCHOOL",
        "category_detail": "Pr. Up Pr. and Secondary Only",
        "management": "Un-Recognised",
        "address": "Behind Indradhanu Market Complex Flats,Irc Village, Jayadev Vihar,Bhubaneswar, Odisha 751015",
        "latitude": 20.29431400015709,
        "longitude": 85.8162940001488,
        "source_type": "REAL",
        "source_name": "BhubaneswarOne GIS (Category MapServer/22 - School OPEPA DISE)",
        "source_url": "http://bhubaneswarone.in/arcgis/rest/services/BhubaneswarOne/Category/MapServer/22/query?where=1%3D1&outFields=*&f=geojson",
        "retrieved_at": "2026-09-07T19:10:56.976Z"
      },
      "geometry": {
        "type": "Point",
        "coordinates": [
          85.8162940001488,
          20.29431400015709
        ]
      }
    },
    {
      "type": "Feature",
      "id": "fac_school_21171301078",
      "properties": {
        "id": "fac_school_21171301078",
        "name": "Vivekananda Siksha Kendra, IRC",
        "facility_type": "SCHOOL",
        "category_detail": "Primary with Upper Primary",
        "management": "Un-Recognised",
        "address": "N-3,Irc Village,Nayapalli,Bbsr-751015",
        "latitude": 20.295881000244567,
        "longitude": 85.81029299996166,
        "source_type": "REAL",
        "source_name": "BhubaneswarOne GIS (Category MapServer/22 - School OPEPA DISE)",
        "source_url": "http://bhubaneswarone.in/arcgis/rest/services/BhubaneswarOne/Category/MapServer/22/query?where=1%3D1&outFields=*&f=geojson",
        "retrieved_at": "2026-09-07T19:10:56.976Z"
      },
      "geometry": {
        "type": "Point",
        "coordinates": [
          85.81029299996166,
          20.295881000244567
        ]
      }
    },
    {
      "type": "Feature",
      "id": "fac_school_21171301079",
      "properties": {
        "id": "fac_school_21171301079",
        "name": "Gyanashree School",
        "facility_type": "SCHOOL",
        "category_detail": "Primary with Upper Primary",
        "management": "Pvt. Unaided",
        "address": "Chakeisiani,Bbsr,Odisha",
        "latitude": 20.311188999583702,
        "longitude": 85.85677100023015,
        "source_type": "REAL",
        "source_name": "BhubaneswarOne GIS (Category MapServer/22 - School OPEPA DISE)",
        "source_url": "http://bhubaneswarone.in/arcgis/rest/services/BhubaneswarOne/Category/MapServer/22/query?where=1%3D1&outFields=*&f=geojson",
        "retrieved_at": "2026-09-07T19:10:56.976Z"
      },
      "geometry": {
        "type": "Point",
        "coordinates": [
          85.85677100023015,
          20.311188999583702
        ]
      }
    },
    {
      "type": "Feature",
      "id": "fac_school_21171301101",
      "properties": {
        "id": "fac_school_21171301101",
        "name": "Rental Colony U G U P S",
        "facility_type": "SCHOOL",
        "category_detail": "Primary with Upper Primary",
        "management": "Department of Education",
        "address": "Rental Colony,Irc Village ,Nayapalli,Bbsr-751003",
        "latitude": 20.2878599998036,
        "longitude": 85.79654999988317,
        "source_type": "REAL",
        "source_name": "BhubaneswarOne GIS (Category MapServer/22 - School OPEPA DISE)",
        "source_url": "http://bhubaneswarone.in/arcgis/rest/services/BhubaneswarOne/Category/MapServer/22/query?where=1%3D1&outFields=*&f=geojson",
        "retrieved_at": "2026-09-07T19:10:56.976Z"
      },
      "geometry": {
        "type": "Point",
        "coordinates": [
          85.79654999988317,
          20.2878599998036
        ]
      }
    },
    {
      "type": "Feature",
      "id": "fac_school_21171301102",
      "properties": {
        "id": "fac_school_21171301102",
        "name": "Kendriya Vidyalay, CRPF Campus",
        "facility_type": "SCHOOL",
        "category_detail": "Pr. with Up.Pr. sec. and H.Sec.",
        "management": "Central Govt.",
        "address": "Central Reserve Police Force,Crpf Colony, Irc Village, Nayapalli,Bhubaneswar, Odisha 751003",
        "latitude": 20.28203100033098,
        "longitude": 85.79843299955836,
        "source_type": "REAL",
        "source_name": "BhubaneswarOne GIS (Category MapServer/22 - School OPEPA DISE)",
        "source_url": "http://bhubaneswarone.in/arcgis/rest/services/BhubaneswarOne/Category/MapServer/22/query?where=1%3D1&outFields=*&f=geojson",
        "retrieved_at": "2026-09-07T19:10:56.976Z"
      },
      "geometry": {
        "type": "Point",
        "coordinates": [
          85.79843299955836,
          20.28203100033098
        ]
      }
    },
    {
      "type": "Feature",
      "id": "fac_school_21171301103",
      "properties": {
        "id": "fac_school_21171301103",
        "name": "Govt. H S. CRP Baramunda",
        "facility_type": "SCHOOL",
        "category_detail": "Upper Pr. and Secondary",
        "management": "Department of Education",
        "address": "Rental Colony,Irc Village ,Nayapalli,Bbsr-751003",
        "latitude": 20.288318000246814,
        "longitude": 85.79759100010818,
        "source_type": "REAL",
        "source_name": "BhubaneswarOne GIS (Category MapServer/22 - School OPEPA DISE)",
        "source_url": "http://bhubaneswarone.in/arcgis/rest/services/BhubaneswarOne/Category/MapServer/22/query?where=1%3D1&outFields=*&f=geojson",
        "retrieved_at": "2026-09-07T19:10:56.976Z"
      },
      "geometry": {
        "type": "Point",
        "coordinates": [
          85.79759100010818,
          20.288318000246814
        ]
      }
    },
    {
      "type": "Feature",
      "id": "fac_school_21171301105",
      "properties": {
        "id": "fac_school_21171301105",
        "name": "Rite International School",
        "facility_type": "SCHOOL",
        "category_detail": "Primary with Upper Primary",
        "management": "Pvt. Unaided",
        "address": "VSS Nagar\nBhubaneswar, Odisha",
        "latitude": 20.31440500004922,
        "longitude": 85.8461990003876,
        "source_type": "REAL",
        "source_name": "BhubaneswarOne GIS (Category MapServer/22 - School OPEPA DISE)",
        "source_url": "http://bhubaneswarone.in/arcgis/rest/services/BhubaneswarOne/Category/MapServer/22/query?where=1%3D1&outFields=*&f=geojson",
        "retrieved_at": "2026-09-07T19:10:56.976Z"
      },
      "geometry": {
        "type": "Point",
        "coordinates": [
          85.8461990003876,
          20.31440500004922
        ]
      }
    },
    {
      "type": "Feature",
      "id": "fac_school_208",
      "properties": {
        "id": "fac_school_208",
        "name": "Saraswati Sishu Mandir, Baramunda",
        "facility_type": "SCHOOL",
        "category_detail": "Primary with Upper Primary",
        "management": "Pvt. Unaided",
        "address": "Baramunda Housing Board Colony, Baramunda, Bhubaneswar, Odisha 751003",
        "latitude": 20.28054400008236,
        "longitude": 85.79579899959883,
        "source_type": "REAL",
        "source_name": "BhubaneswarOne GIS (Category MapServer/22 - School OPEPA DISE)",
        "source_url": "http://bhubaneswarone.in/arcgis/rest/services/BhubaneswarOne/Category/MapServer/22/query?where=1%3D1&outFields=*&f=geojson",
        "retrieved_at": "2026-09-07T19:10:56.976Z"
      },
      "geometry": {
        "type": "Point",
        "coordinates": [
          85.79579899959883,
          20.28054400008236
        ]
      }
    },
    {
      "type": "Feature",
      "id": "fac_school_209",
      "properties": {
        "id": "fac_school_209",
        "name": "Orissa Public School, Baramunda",
        "facility_type": "SCHOOL",
        "category_detail": "Primary",
        "management": "Un-Recognised",
        "address": "Hig C-5, Baramunda Housing Board, Nayapalli, Nilakantha Nagar, Nayapalli, Bhubaneswar, Odisha 751001",
        "latitude": 20.284053999874374,
        "longitude": 85.81537899986995,
        "source_type": "REAL",
        "source_name": "BhubaneswarOne GIS (Category MapServer/22 - School OPEPA DISE)",
        "source_url": "http://bhubaneswarone.in/arcgis/rest/services/BhubaneswarOne/Category/MapServer/22/query?where=1%3D1&outFields=*&f=geojson",
        "retrieved_at": "2026-09-07T19:10:56.976Z"
      },
      "geometry": {
        "type": "Point",
        "coordinates": [
          85.81537899986995,
          20.284053999874374
        ]
      }
    },
    {
      "type": "Feature",
      "id": "fac_school_21171301104",
      "properties": {
        "id": "fac_school_21171301104",
        "name": "Open Learning System For CP",
        "facility_type": "SCHOOL",
        "category_detail": "Primary with Upper Primary",
        "management": "NGO",
        "address": "Near Mcl,Chandrasekharpur,Bbsr,Odisha",
        "latitude": 20.31839424083494,
        "longitude": 85.82675109869851,
        "source_type": "REAL",
        "source_name": "BhubaneswarOne GIS (Category MapServer/22 - School OPEPA DISE)",
        "source_url": "http://bhubaneswarone.in/arcgis/rest/services/BhubaneswarOne/Category/MapServer/22/query?where=1%3D1&outFields=*&f=geojson",
        "retrieved_at": "2026-09-07T19:10:56.976Z"
      },
      "geometry": {
        "type": "Point",
        "coordinates": [
          85.82675109869851,
          20.31839424083494
        ]
      }
    },
    {
      "type": "Feature",
      "id": "fac_school_21171301573",
      "properties": {
        "id": "fac_school_21171301573",
        "name": "Nilachakra Nagar P P S",
        "facility_type": "SCHOOL",
        "category_detail": "Primary",
        "management": "Department of Education",
        "address": "Salia Sahi,Jaydev Vihar,Bbsr-751013",
        "latitude": 20.302339999555027,
        "longitude": 85.81630900024095,
        "source_type": "REAL",
        "source_name": "BhubaneswarOne GIS (Category MapServer/22 - School OPEPA DISE)",
        "source_url": "http://bhubaneswarone.in/arcgis/rest/services/BhubaneswarOne/Category/MapServer/22/query?where=1%3D1&outFields=*&f=geojson",
        "retrieved_at": "2026-09-07T19:10:56.976Z"
      },
      "geometry": {
        "type": "Point",
        "coordinates": [
          85.81630900024095,
          20.302339999555027
        ]
      }
    },
    {
      "type": "Feature",
      "id": "fac_school_21171301574",
      "properties": {
        "id": "fac_school_21171301574",
        "name": "Maitri Vihar P P S",
        "facility_type": "SCHOOL",
        "category_detail": "Primary",
        "management": "Department of Education",
        "address": "Rail Vihar Road, Near Hatia Suni Temple, Jay Dev Vihar, Maitri Vihar, Rail Vihar, Chandrasekharpur, Bhubaneswar, Odisha 751023",
        "latitude": 20.312044999627208,
        "longitude": 85.81013299963757,
        "source_type": "REAL",
        "source_name": "BhubaneswarOne GIS (Category MapServer/22 - School OPEPA DISE)",
        "source_url": "http://bhubaneswarone.in/arcgis/rest/services/BhubaneswarOne/Category/MapServer/22/query?where=1%3D1&outFields=*&f=geojson",
        "retrieved_at": "2026-09-07T19:10:56.976Z"
      },
      "geometry": {
        "type": "Point",
        "coordinates": [
          85.81013299963757,
          20.312044999627208
        ]
      }
    },
    {
      "type": "Feature",
      "id": "fac_school_21171301601",
      "properties": {
        "id": "fac_school_21171301601",
        "name": "Mamtaz Ali Nodal U P S, H.S.",
        "facility_type": "SCHOOL",
        "category_detail": "Primary with Upper Primary",
        "management": "Department of Education",
        "address": "Nayapalli,Behera Sahi, Bhubaneswar, Odisha 751012",
        "latitude": 20.28402786592083,
        "longitude": 85.81531842667991,
        "source_type": "REAL",
        "source_name": "BhubaneswarOne GIS (Category MapServer/22 - School OPEPA DISE)",
        "source_url": "http://bhubaneswarone.in/arcgis/rest/services/BhubaneswarOne/Category/MapServer/22/query?where=1%3D1&outFields=*&f=geojson",
        "retrieved_at": "2026-09-07T19:10:56.976Z"
      },
      "geometry": {
        "type": "Point",
        "coordinates": [
          85.81531842667991,
          20.28402786592083
        ]
      }
    },
    {
      "type": "Feature",
      "id": "fac_school_21171301671",
      "properties": {
        "id": "fac_school_21171301671",
        "name": "Beenapani Sishu Mandir, Nayapalli",
        "facility_type": "SCHOOL",
        "category_detail": "Primary with Upper Primary",
        "management": "Un-Recognised",
        "address": "Near Jagannath Temple, Chidananda Vihar, Aiginia, Shreekhetra Vihar, Khandagiri, Bhubaneswar, Odisha 751019",
        "latitude": 20.253466000028826,
        "longitude": 85.7823549999637,
        "source_type": "REAL",
        "source_name": "BhubaneswarOne GIS (Category MapServer/22 - School OPEPA DISE)",
        "source_url": "http://bhubaneswarone.in/arcgis/rest/services/BhubaneswarOne/Category/MapServer/22/query?where=1%3D1&outFields=*&f=geojson",
        "retrieved_at": "2026-09-07T19:10:56.976Z"
      },
      "geometry": {
        "type": "Point",
        "coordinates": [
          85.7823549999637,
          20.253466000028826
        ]
      }
    },
    {
      "type": "Feature",
      "id": "fac_school_21171301675",
      "properties": {
        "id": "fac_school_21171301675",
        "name": "Jaydev Sishu Mandir",
        "facility_type": "SCHOOL",
        "category_detail": "Primary with Upper Primary",
        "management": "Un-Recognised",
        "address": "Behind Indradhanu Market Complex Flats, Irc Village, Jayadev Vihar, Bhubaneswar, Odisha 751015",
        "latitude": 20.294305000391528,
        "longitude": 85.8162690001569,
        "source_type": "REAL",
        "source_name": "BhubaneswarOne GIS (Category MapServer/22 - School OPEPA DISE)",
        "source_url": "http://bhubaneswarone.in/arcgis/rest/services/BhubaneswarOne/Category/MapServer/22/query?where=1%3D1&outFields=*&f=geojson",
        "retrieved_at": "2026-09-07T19:10:56.976Z"
      },
      "geometry": {
        "type": "Point",
        "coordinates": [
          85.8162690001569,
          20.294305000391528
        ]
      }
    },
    {
      "type": "Feature",
      "id": "fac_school_21171301677",
      "properties": {
        "id": "fac_school_21171301677",
        "name": "Om Maa Saraswati Sishu Vidya Mandir, Nilachakranagar",
        "facility_type": "SCHOOL",
        "category_detail": "Primary",
        "management": "Un-Recognised",
        "address": "Near Nilakanteswar Temple, Nila Chakra Nagar, Salia Sahi Road, Salia Sahi, Bhubaneswar, Odisha 751013",
        "latitude": 20.302470999730325,
        "longitude": 85.81631399971279,
        "source_type": "REAL",
        "source_name": "BhubaneswarOne GIS (Category MapServer/22 - School OPEPA DISE)",
        "source_url": "http://bhubaneswarone.in/arcgis/rest/services/BhubaneswarOne/Category/MapServer/22/query?where=1%3D1&outFields=*&f=geojson",
        "retrieved_at": "2026-09-07T19:10:56.976Z"
      },
      "geometry": {
        "type": "Point",
        "coordinates": [
          85.81631399971279,
          20.302470999730325
        ]
      }
    },
    {
      "type": "Feature",
      "id": "fac_school_21171301702",
      "properties": {
        "id": "fac_school_21171301702",
        "name": "Utkalmani Nodal U P S",
        "facility_type": "SCHOOL",
        "category_detail": "Primary with Upper Primary",
        "management": "Department of Education",
        "address": "Nuasahi, Irc Village, Nayapalli, Bhubaneswar, Odisha 751015",
        "latitude": 20.289878999872403,
        "longitude": 85.81023800043322,
        "source_type": "REAL",
        "source_name": "BhubaneswarOne GIS (Category MapServer/22 - School OPEPA DISE)",
        "source_url": "http://bhubaneswarone.in/arcgis/rest/services/BhubaneswarOne/Category/MapServer/22/query?where=1%3D1&outFields=*&f=geojson",
        "retrieved_at": "2026-09-07T19:10:56.976Z"
      },
      "geometry": {
        "type": "Point",
        "coordinates": [
          85.81023800043322,
          20.289878999872403
        ]
      }
    },
    {
      "type": "Feature",
      "id": "fac_school_21171301773",
      "properties": {
        "id": "fac_school_21171301773",
        "name": "Kasturba Sikhya Shrama",
        "facility_type": "SCHOOL",
        "category_detail": "Pr. Up Pr. and Secondary Only",
        "management": "Un-Recognised",
        "address": "Kasturba Sikshya Shrama, Behera Sahi, Nayapalli, Bhubaneswar, Odisha 751012",
        "latitude": 20.290245999924476,
        "longitude": 85.8184220003299,
        "source_type": "REAL",
        "source_name": "BhubaneswarOne GIS (Category MapServer/22 - School OPEPA DISE)",
        "source_url": "http://bhubaneswarone.in/arcgis/rest/services/BhubaneswarOne/Category/MapServer/22/query?where=1%3D1&outFields=*&f=geojson",
        "retrieved_at": "2026-09-07T19:10:56.976Z"
      },
      "geometry": {
        "type": "Point",
        "coordinates": [
          85.8184220003299,
          20.290245999924476
        ]
      }
    },
    {
      "type": "Feature",
      "id": "fac_school_21171301776",
      "properties": {
        "id": "fac_school_21171301776",
        "name": "Ananda Marga  School, Sastrinagar",
        "facility_type": "SCHOOL",
        "category_detail": "Primary",
        "management": "Un-Recognised",
        "address": "Plot No-364,Near Sani Mandir,Sastri Nagar,Odisha-751012.",
        "latitude": 20.282308999958754,
        "longitude": 85.82341700006793,
        "source_type": "REAL",
        "source_name": "BhubaneswarOne GIS (Category MapServer/22 - School OPEPA DISE)",
        "source_url": "http://bhubaneswarone.in/arcgis/rest/services/BhubaneswarOne/Category/MapServer/22/query?where=1%3D1&outFields=*&f=geojson",
        "retrieved_at": "2026-09-07T19:10:56.976Z"
      },
      "geometry": {
        "type": "Point",
        "coordinates": [
          85.82341700006793,
          20.282308999958754
        ]
      }
    },
    {
      "type": "Feature",
      "id": "fac_school_21171301777",
      "properties": {
        "id": "fac_school_21171301777",
        "name": "N.S.B Public School",
        "facility_type": "SCHOOL",
        "category_detail": "Primary",
        "management": "Un-Recognised",
        "address": "Plot No-1171,Gada Sahi,Nayapalli,Behind Mumtazali High School.Bhubaneswar.",
        "latitude": 20.284485000115833,
        "longitude": 85.81528299985125,
        "source_type": "REAL",
        "source_name": "BhubaneswarOne GIS (Category MapServer/22 - School OPEPA DISE)",
        "source_url": "http://bhubaneswarone.in/arcgis/rest/services/BhubaneswarOne/Category/MapServer/22/query?where=1%3D1&outFields=*&f=geojson",
        "retrieved_at": "2026-09-07T19:10:56.976Z"
      },
      "geometry": {
        "type": "Point",
        "coordinates": [
          85.81528299985125,
          20.284485000115833
        ]
      }
    },
    {
      "type": "Feature",
      "id": "fac_school_21171301779",
      "properties": {
        "id": "fac_school_21171301779",
        "name": "Adarsha Vidyamandir, Nayapalli",
        "facility_type": "SCHOOL",
        "category_detail": "Primary with Upper Primary",
        "management": "Un-Recognised",
        "address": "Plot No-624/625B,Behera Sahi,Nayapalli,Bhubaneswar,Odisha-751012",
        "latitude": 20.285595999718208,
        "longitude": 85.82264400004253,
        "source_type": "REAL",
        "source_name": "BhubaneswarOne GIS (Category MapServer/22 - School OPEPA DISE)",
        "source_url": "http://bhubaneswarone.in/arcgis/rest/services/BhubaneswarOne/Category/MapServer/22/query?where=1%3D1&outFields=*&f=geojson",
        "retrieved_at": "2026-09-07T19:10:56.976Z"
      },
      "geometry": {
        "type": "Point",
        "coordinates": [
          85.82264400004253,
          20.285595999718208
        ]
      }
    },
    {
      "type": "Feature",
      "id": "fac_school_21171301801",
      "properties": {
        "id": "fac_school_21171301801",
        "name": "Acharya Vihar P S",
        "facility_type": "SCHOOL",
        "category_detail": "Primary",
        "management": "Department of Education",
        "address": "Near Govt.Dispensery,Acarya Vihar,Bbsr",
        "latitude": 20.295059999728196,
        "longitude": 85.82886899982958,
        "source_type": "REAL",
        "source_name": "BhubaneswarOne GIS (Category MapServer/22 - School OPEPA DISE)",
        "source_url": "http://bhubaneswarone.in/arcgis/rest/services/BhubaneswarOne/Category/MapServer/22/query?where=1%3D1&outFields=*&f=geojson",
        "retrieved_at": "2026-09-07T19:10:56.976Z"
      },
      "geometry": {
        "type": "Point",
        "coordinates": [
          85.82886899982958,
          20.295059999728196
        ]
      }
    },
    {
      "type": "Feature",
      "id": "fac_school_21171301802",
      "properties": {
        "id": "fac_school_21171301802",
        "name": "Govt. Ashram Sch. Nayapalli",
        "facility_type": "SCHOOL",
        "category_detail": "Primary with Upper Primary",
        "management": "Tribal/Social Welfare Dept.",
        "address": "Opposite of Suna Dei Temple,Old Nayapalli,Bhubaneswar.",
        "latitude": 20.286925000249813,
        "longitude": 85.82930499970259,
        "source_type": "REAL",
        "source_name": "BhubaneswarOne GIS (Category MapServer/22 - School OPEPA DISE)",
        "source_url": "http://bhubaneswarone.in/arcgis/rest/services/BhubaneswarOne/Category/MapServer/22/query?where=1%3D1&outFields=*&f=geojson",
        "retrieved_at": "2026-09-07T19:10:56.976Z"
      },
      "geometry": {
        "type": "Point",
        "coordinates": [
          85.82930499970259,
          20.286925000249813
        ]
      }
    },
    {
      "type": "Feature",
      "id": "fac_school_21171301803",
      "properties": {
        "id": "fac_school_21171301803",
        "name": "D.M. School, Unit - 9",
        "facility_type": "SCHOOL",
        "category_detail": "Primary with Upper Primary",
        "management": "Central Govt.",
        "address": "New Ag Colony, Bhubaneswar, Odisha 751022",
        "latitude": 20.289117000133917,
        "longitude": 85.83310600011416,
        "source_type": "REAL",
        "source_name": "BhubaneswarOne GIS (Category MapServer/22 - School OPEPA DISE)",
        "source_url": "http://bhubaneswarone.in/arcgis/rest/services/BhubaneswarOne/Category/MapServer/22/query?where=1%3D1&outFields=*&f=geojson",
        "retrieved_at": "2026-09-07T19:10:56.976Z"
      },
      "geometry": {
        "type": "Point",
        "coordinates": [
          85.83310600011416,
          20.289117000133917
        ]
      }
    },
    {
      "type": "Feature",
      "id": "fac_school_21171301872",
      "properties": {
        "id": "fac_school_21171301872",
        "name": "V.S.K Nico Park",
        "facility_type": "SCHOOL",
        "category_detail": "Primary",
        "management": "Un-Recognised",
        "address": "Near The World Mall, Unit-4, Sastri Nagar, Bhubaneswar, Odisha 751001",
        "latitude": 20.283004999976523,
        "longitude": 85.8265079995384,
        "source_type": "REAL",
        "source_name": "BhubaneswarOne GIS (Category MapServer/22 - School OPEPA DISE)",
        "source_url": "http://bhubaneswarone.in/arcgis/rest/services/BhubaneswarOne/Category/MapServer/22/query?where=1%3D1&outFields=*&f=geojson",
        "retrieved_at": "2026-09-07T19:10:56.976Z"
      },
      "geometry": {
        "type": "Point",
        "coordinates": [
          85.8265079995384,
          20.283004999976523
        ]
      }
    },
    {
      "type": "Feature",
      "id": "fac_school_21171302801",
      "properties": {
        "id": "fac_school_21171302801",
        "name": "Govt. Girls H S - Unit 4",
        "facility_type": "SCHOOL",
        "category_detail": "Upper Pr. and Secondary",
        "management": "Department of Education",
        "address": "Old Ag Colony, Unit 4, Madhusudan Nagar, Bhubaneswar, Odisha 751022",
        "latitude": 20.283132999592002,
        "longitude": 85.82820500037106,
        "source_type": "REAL",
        "source_name": "BhubaneswarOne GIS (Category MapServer/22 - School OPEPA DISE)",
        "source_url": "http://bhubaneswarone.in/arcgis/rest/services/BhubaneswarOne/Category/MapServer/22/query?where=1%3D1&outFields=*&f=geojson",
        "retrieved_at": "2026-09-07T19:10:56.976Z"
      },
      "geometry": {
        "type": "Point",
        "coordinates": [
          85.82820500037106,
          20.283132999592002
        ]
      }
    },
    {
      "type": "Feature",
      "id": "fac_school_21171302802",
      "properties": {
        "id": "fac_school_21171302802",
        "name": "Govt. U P (M.E) Sch, Unit 4",
        "facility_type": "SCHOOL",
        "category_detail": "Primary with Upper Primary",
        "management": "Department of Education",
        "address": "Unit 4 Main St, Unit 4, Bhauma Nagar, Bhubaneswar, Odisha 751001",
        "latitude": 20.27797499960337,
        "longitude": 85.8334099997621,
        "source_type": "REAL",
        "source_name": "BhubaneswarOne GIS (Category MapServer/22 - School OPEPA DISE)",
        "source_url": "http://bhubaneswarone.in/arcgis/rest/services/BhubaneswarOne/Category/MapServer/22/query?where=1%3D1&outFields=*&f=geojson",
        "retrieved_at": "2026-09-07T19:10:56.976Z"
      },
      "geometry": {
        "type": "Point",
        "coordinates": [
          85.8334099997621,
          20.27797499960337
        ]
      }
    },
    {
      "type": "Feature",
      "id": "fac_school_21171302803",
      "properties": {
        "id": "fac_school_21171302803",
        "name": "M.L.A. Colony P S",
        "facility_type": "SCHOOL",
        "category_detail": "Primary",
        "management": "Department of Education",
        "address": "Back Side of Rbi Colony,P&T Colony,Unit-4,Bhauma Nagar,Bbsr",
        "latitude": 20.276777999773657,
        "longitude": 85.82702399961225,
        "source_type": "REAL",
        "source_name": "BhubaneswarOne GIS (Category MapServer/22 - School OPEPA DISE)",
        "source_url": "http://bhubaneswarone.in/arcgis/rest/services/BhubaneswarOne/Category/MapServer/22/query?where=1%3D1&outFields=*&f=geojson",
        "retrieved_at": "2026-09-07T19:10:56.976Z"
      },
      "geometry": {
        "type": "Point",
        "coordinates": [
          85.82702399961225,
          20.276777999773657
        ]
      }
    },
    {
      "type": "Feature",
      "id": "fac_school_21171302804",
      "properties": {
        "id": "fac_school_21171302804",
        "name": "Madhusudan Nagar Pry Sch.",
        "facility_type": "SCHOOL",
        "category_detail": "Primary",
        "management": "Department of Education",
        "address": "Near Laxminarayan Mandira,Old Ag Colony,Unit-4,Madhusudan Nagar,Bbsr",
        "latitude": 20.281713999766854,
        "longitude": 85.82812399957965,
        "source_type": "REAL",
        "source_name": "BhubaneswarOne GIS (Category MapServer/22 - School OPEPA DISE)",
        "source_url": "http://bhubaneswarone.in/arcgis/rest/services/BhubaneswarOne/Category/MapServer/22/query?where=1%3D1&outFields=*&f=geojson",
        "retrieved_at": "2026-09-07T19:10:56.976Z"
      },
      "geometry": {
        "type": "Point",
        "coordinates": [
          85.82812399957965,
          20.281713999766854
        ]
      }
    },
    {
      "type": "Feature",
      "id": "fac_school_21171302805",
      "properties": {
        "id": "fac_school_21171302805",
        "name": "R B I Colony P S",
        "facility_type": "SCHOOL",
        "category_detail": "Primary",
        "management": "Department of Education",
        "address": "Hospital St, R.B.I Colony, Bhauma Nagar, Bhubaneswar, Odisha 751001",
        "latitude": 20.27800800007278,
        "longitude": 85.82694000039399,
        "source_type": "REAL",
        "source_name": "BhubaneswarOne GIS (Category MapServer/22 - School OPEPA DISE)",
        "source_url": "http://bhubaneswarone.in/arcgis/rest/services/BhubaneswarOne/Category/MapServer/22/query?where=1%3D1&outFields=*&f=geojson",
        "retrieved_at": "2026-09-07T19:10:56.976Z"
      },
      "geometry": {
        "type": "Point",
        "coordinates": [
          85.82694000039399,
          20.27800800007278
        ]
      }
    },
    {
      "type": "Feature",
      "id": "fac_school_21171302851",
      "properties": {
        "id": "fac_school_21171302851",
        "name": "Venkateswar E M S, Unit-4",
        "facility_type": "SCHOOL",
        "category_detail": "Pr. Up Pr. and Secondary Only",
        "management": "Pvt. Unaided",
        "address": "Unit Iv, Near Pnb Atm, Bhubaneswar, Odisha 751001",
        "latitude": 20.27773900020873,
        "longitude": 85.82968200014723,
        "source_type": "REAL",
        "source_name": "BhubaneswarOne GIS (Category MapServer/22 - School OPEPA DISE)",
        "source_url": "http://bhubaneswarone.in/arcgis/rest/services/BhubaneswarOne/Category/MapServer/22/query?where=1%3D1&outFields=*&f=geojson",
        "retrieved_at": "2026-09-07T19:10:56.976Z"
      },
      "geometry": {
        "type": "Point",
        "coordinates": [
          85.82968200014723,
          20.27773900020873
        ]
      }
    },
    {
      "type": "Feature",
      "id": "fac_school_21171302852",
      "properties": {
        "id": "fac_school_21171302852",
        "name": "Vivekananda Sik. Ken, Unit-4",
        "facility_type": "SCHOOL",
        "category_detail": "Pr. Up Pr. and Secondary Only",
        "management": "Pvt. Unaided",
        "address": "Unit-4, Madhusudan Nagar, Bhubaneswar, Odisha 751001.",
        "latitude": 20.284670999611183,
        "longitude": 85.83133600017707,
        "source_type": "REAL",
        "source_name": "BhubaneswarOne GIS (Category MapServer/22 - School OPEPA DISE)",
        "source_url": "http://bhubaneswarone.in/arcgis/rest/services/BhubaneswarOne/Category/MapServer/22/query?where=1%3D1&outFields=*&f=geojson",
        "retrieved_at": "2026-09-07T19:10:56.976Z"
      },
      "geometry": {
        "type": "Point",
        "coordinates": [
          85.83133600017707,
          20.284670999611183
        ]
      }
    },
    {
      "type": "Feature",
      "id": "fac_school_21171311701",
      "properties": {
        "id": "fac_school_21171311701",
        "name": "Kalinga Bidyamandir",
        "facility_type": "SCHOOL",
        "category_detail": "Primary with Upper Primary",
        "management": "Un-Recognised",
        "address": "N3,Irc Village,Nayapalli,Bbsr-751015",
        "latitude": 20.298072000090567,
        "longitude": 85.80470900010599,
        "source_type": "REAL",
        "source_name": "BhubaneswarOne GIS (Category MapServer/22 - School OPEPA DISE)",
        "source_url": "http://bhubaneswarone.in/arcgis/rest/services/BhubaneswarOne/Category/MapServer/22/query?where=1%3D1&outFields=*&f=geojson",
        "retrieved_at": "2026-09-07T19:10:56.976Z"
      },
      "geometry": {
        "type": "Point",
        "coordinates": [
          85.80470900010599,
          20.298072000090567
        ]
      }
    },
    {
      "type": "Feature",
      "id": "fac_school_21171312201",
      "properties": {
        "id": "fac_school_21171312201",
        "name": "Bhubaneswar Model Public School",
        "facility_type": "SCHOOL",
        "category_detail": "Pr. Up Pr. and Secondary Only",
        "management": "Pvt. Unaided",
        "address": "N 5/A,1697,Crpf Colony16, Irc Village, Nayapalli,Bhubaneswar, Odisha 751011",
        "latitude": 20.28931099959643,
        "longitude": 85.80452199984465,
        "source_type": "REAL",
        "source_name": "BhubaneswarOne GIS (Category MapServer/22 - School OPEPA DISE)",
        "source_url": "http://bhubaneswarone.in/arcgis/rest/services/BhubaneswarOne/Category/MapServer/22/query?where=1%3D1&outFields=*&f=geojson",
        "retrieved_at": "2026-09-07T19:10:56.976Z"
      },
      "geometry": {
        "type": "Point",
        "coordinates": [
          85.80452199984465,
          20.28931099959643
        ]
      }
    },
    {
      "type": "Feature",
      "id": "fac_school_21171300479",
      "properties": {
        "id": "fac_school_21171300479",
        "name": "Buxi Jagabandhu Vidya Mandir, Pahal",
        "facility_type": "SCHOOL",
        "category_detail": "Primary with Upper Primary",
        "management": "Pvt. Unaided",
        "address": "Near Nh-5, Pahala, Bhubaneswar, Odisha 751010",
        "latitude": 20.343953999985345,
        "longitude": 85.88713800043993,
        "source_type": "REAL",
        "source_name": "BhubaneswarOne GIS (Category MapServer/22 - School OPEPA DISE)",
        "source_url": "http://bhubaneswarone.in/arcgis/rest/services/BhubaneswarOne/Category/MapServer/22/query?where=1%3D1&outFields=*&f=geojson",
        "retrieved_at": "2026-09-07T19:10:56.976Z"
      },
      "geometry": {
        "type": "Point",
        "coordinates": [
          85.88713800043993,
          20.343953999985345
        ]
      }
    },
    {
      "type": "Feature",
      "id": "fac_school_21171300601",
      "properties": {
        "id": "fac_school_21171300601",
        "name": "Banguary P S",
        "facility_type": "SCHOOL",
        "category_detail": "Primary",
        "management": "Department of Education",
        "address": "Pahala, Bhubaneswar, Odisha",
        "latitude": 20.346191000345453,
        "longitude": 85.87621600006024,
        "source_type": "REAL",
        "source_name": "BhubaneswarOne GIS (Category MapServer/22 - School OPEPA DISE)",
        "source_url": "http://bhubaneswarone.in/arcgis/rest/services/BhubaneswarOne/Category/MapServer/22/query?where=1%3D1&outFields=*&f=geojson",
        "retrieved_at": "2026-09-07T19:10:56.976Z"
      },
      "geometry": {
        "type": "Point",
        "coordinates": [
          85.87621600006024,
          20.346191000345453
        ]
      }
    },
    {
      "type": "Feature",
      "id": "fac_school_21171300602",
      "properties": {
        "id": "fac_school_21171300602",
        "name": "Fulanakhara P S",
        "facility_type": "SCHOOL",
        "category_detail": "Primary",
        "management": "Department of Education",
        "address": "Near State Bank of India, Phulnakhara, Bhubaneswar, Odisha 754001",
        "latitude": 20.35803900011124,
        "longitude": 85.89320299987016,
        "source_type": "REAL",
        "source_name": "BhubaneswarOne GIS (Category MapServer/22 - School OPEPA DISE)",
        "source_url": "http://bhubaneswarone.in/arcgis/rest/services/BhubaneswarOne/Category/MapServer/22/query?where=1%3D1&outFields=*&f=geojson",
        "retrieved_at": "2026-09-07T19:10:56.976Z"
      },
      "geometry": {
        "type": "Point",
        "coordinates": [
          85.89320299987016,
          20.35803900011124
        ]
      }
    },
    {
      "type": "Feature",
      "id": "fac_school_21171300604",
      "properties": {
        "id": "fac_school_21171300604",
        "name": "Hanspal Project U P S",
        "facility_type": "SCHOOL",
        "category_detail": "Primary with Upper Primary",
        "management": "Department of Education",
        "address": "Near Hanspal Sqare, Bhubaneswar, Odisha 752101",
        "latitude": 20.31545000035247,
        "longitude": 85.87964999996211,
        "source_type": "REAL",
        "source_name": "BhubaneswarOne GIS (Category MapServer/22 - School OPEPA DISE)",
        "source_url": "http://bhubaneswarone.in/arcgis/rest/services/BhubaneswarOne/Category/MapServer/22/query?where=1%3D1&outFields=*&f=geojson",
        "retrieved_at": "2026-09-07T19:10:56.976Z"
      },
      "geometry": {
        "type": "Point",
        "coordinates": [
          85.87964999996211,
          20.31545000035247
        ]
      }
    },
    {
      "type": "Feature",
      "id": "fac_school_21171300605",
      "properties": {
        "id": "fac_school_21171300605",
        "name": "Haridaspur P S",
        "facility_type": "SCHOOL",
        "category_detail": "Primary",
        "management": "Department of Education",
        "address": "Near Jagannath Temple, Haridaspur, Naharkanta, Bhubaneswar",
        "latitude": 20.333182000114615,
        "longitude": 85.86920599971805,
        "source_type": "REAL",
        "source_name": "BhubaneswarOne GIS (Category MapServer/22 - School OPEPA DISE)",
        "source_url": "http://bhubaneswarone.in/arcgis/rest/services/BhubaneswarOne/Category/MapServer/22/query?where=1%3D1&outFields=*&f=geojson",
        "retrieved_at": "2026-09-07T19:10:56.976Z"
      },
      "geometry": {
        "type": "Point",
        "coordinates": [
          85.86920599971805,
          20.333182000114615
        ]
      }
    },
    {
      "type": "Feature",
      "id": "fac_school_21171300606",
      "properties": {
        "id": "fac_school_21171300606",
        "name": "Jagulay U P S",
        "facility_type": "SCHOOL",
        "category_detail": "Upper Primary only",
        "management": "Department of Education",
        "address": "Near Hp Petrol Pump, Naharkanta, Phulnakhara, Bhimpur, Odisha 754001",
        "latitude": 20.35066300044424,
        "longitude": 85.9006460002726,
        "source_type": "REAL",
        "source_name": "BhubaneswarOne GIS (Category MapServer/22 - School OPEPA DISE)",
        "source_url": "http://bhubaneswarone.in/arcgis/rest/services/BhubaneswarOne/Category/MapServer/22/query?where=1%3D1&outFields=*&f=geojson",
        "retrieved_at": "2026-09-07T19:10:56.976Z"
      },
      "geometry": {
        "type": "Point",
        "coordinates": [
          85.9006460002726,
          20.35066300044424
        ]
      }
    },
    {
      "type": "Feature",
      "id": "fac_school_21171300607",
      "properties": {
        "id": "fac_school_21171300607",
        "name": "Jayapur U G U P S",
        "facility_type": "SCHOOL",
        "category_detail": "Primary with Upper Primary",
        "management": "Department of Education",
        "address": "Pahal, Jayapur, Bhubaneswar, Odisha 752101",
        "latitude": 20.3373879997718,
        "longitude": 85.89047200018652,
        "source_type": "REAL",
        "source_name": "BhubaneswarOne GIS (Category MapServer/22 - School OPEPA DISE)",
        "source_url": "http://bhubaneswarone.in/arcgis/rest/services/BhubaneswarOne/Category/MapServer/22/query?where=1%3D1&outFields=*&f=geojson",
        "retrieved_at": "2026-09-07T19:10:56.976Z"
      },
      "geometry": {
        "type": "Point",
        "coordinates": [
          85.89047200018652,
          20.3373879997718
        ]
      }
    },
    {
      "type": "Feature",
      "id": "fac_school_21171300608",
      "properties": {
        "id": "fac_school_21171300608",
        "name": "Moharatha Bidyapitha, Naharkanta",
        "facility_type": "SCHOOL",
        "category_detail": "Upper Pr. and Secondary",
        "management": "Department of Education",
        "address": "Near Sri Jayadev Collage, Naharkanta, Bhubaneswar, Odisha",
        "latitude": 20.330555999952573,
        "longitude": 85.87044000028077,
        "source_type": "REAL",
        "source_name": "BhubaneswarOne GIS (Category MapServer/22 - School OPEPA DISE)",
        "source_url": "http://bhubaneswarone.in/arcgis/rest/services/BhubaneswarOne/Category/MapServer/22/query?where=1%3D1&outFields=*&f=geojson",
        "retrieved_at": "2026-09-07T19:10:56.976Z"
      },
      "geometry": {
        "type": "Point",
        "coordinates": [
          85.87044000028077,
          20.330555999952573
        ]
      }
    },
    {
      "type": "Feature",
      "id": "fac_school_21171300609",
      "properties": {
        "id": "fac_school_21171300609",
        "name": "Naharkanta P S",
        "facility_type": "SCHOOL",
        "category_detail": "Primary",
        "management": "Department of Education",
        "address": "Naharkanta, Bhubaneswar, Odisha 7",
        "latitude": 20.3236805558728,
        "longitude": 85.87418333291765,
        "source_type": "REAL",
        "source_name": "BhubaneswarOne GIS (Category MapServer/22 - School OPEPA DISE)",
        "source_url": "http://bhubaneswarone.in/arcgis/rest/services/BhubaneswarOne/Category/MapServer/22/query?where=1%3D1&outFields=*&f=geojson",
        "retrieved_at": "2026-09-07T19:10:56.976Z"
      },
      "geometry": {
        "type": "Point",
        "coordinates": [
          85.87418333291765,
          20.3236805558728
        ]
      }
    },
    {
      "type": "Feature",
      "id": "fac_school_21171300610",
      "properties": {
        "id": "fac_school_21171300610",
        "name": "Nuapatana U G U P S",
        "facility_type": "SCHOOL",
        "category_detail": "Primary with Upper Primary",
        "management": "Department of Education",
        "address": "Phulanakhara, Bhubaneswar, Odisha 752101",
        "latitude": 20.365025999716604,
        "longitude": 85.88631199980608,
        "source_type": "REAL",
        "source_name": "BhubaneswarOne GIS (Category MapServer/22 - School OPEPA DISE)",
        "source_url": "http://bhubaneswarone.in/arcgis/rest/services/BhubaneswarOne/Category/MapServer/22/query?where=1%3D1&outFields=*&f=geojson",
        "retrieved_at": "2026-09-07T19:10:56.976Z"
      },
      "geometry": {
        "type": "Point",
        "coordinates": [
          85.88631199980608,
          20.365025999716604
        ]
      }
    },
    {
      "type": "Feature",
      "id": "fac_school_21171300611",
      "properties": {
        "id": "fac_school_21171300611",
        "name": "Pahal U G U P S",
        "facility_type": "SCHOOL",
        "category_detail": "Primary with Upper Primary",
        "management": "Department of Education",
        "address": "Pahal, Bhubaneswar, Odisha 752101",
        "latitude": 20.34095799988776,
        "longitude": 85.88971999976127,
        "source_type": "REAL",
        "source_name": "BhubaneswarOne GIS (Category MapServer/22 - School OPEPA DISE)",
        "source_url": "http://bhubaneswarone.in/arcgis/rest/services/BhubaneswarOne/Category/MapServer/22/query?where=1%3D1&outFields=*&f=geojson",
        "retrieved_at": "2026-09-07T19:10:56.976Z"
      },
      "geometry": {
        "type": "Point",
        "coordinates": [
          85.88971999976127,
          20.34095799988776
        ]
      }
    },
    {
      "type": "Feature",
      "id": "fac_school_21171300613",
      "properties": {
        "id": "fac_school_21171300613",
        "name": "Lalbahadaur H.S. Full Nakaha",
        "facility_type": "SCHOOL",
        "category_detail": "Upper Pr. and Secondary",
        "management": "Department of Education",
        "address": "Near Hp Petrol Pump, Naharkanta, Phulnakhara, Bhimpur, Odisha 754001",
        "latitude": 20.350729999809737,
        "longitude": 85.90055999961191,
        "source_type": "REAL",
        "source_name": "BhubaneswarOne GIS (Category MapServer/22 - School OPEPA DISE)",
        "source_url": "http://bhubaneswarone.in/arcgis/rest/services/BhubaneswarOne/Category/MapServer/22/query?where=1%3D1&outFields=*&f=geojson",
        "retrieved_at": "2026-09-07T19:10:56.976Z"
      },
      "geometry": {
        "type": "Point",
        "coordinates": [
          85.90055999961191,
          20.350729999809737
        ]
      }
    },
    {
      "type": "Feature",
      "id": "fac_school_21171300672",
      "properties": {
        "id": "fac_school_21171300672",
        "name": "Saraswati Siksha Mandir, Nahar Kant",
        "facility_type": "SCHOOL",
        "category_detail": "Primary with Upper Primary",
        "management": "Un-Recognised",
        "address": "Back Side of Sri Jayadev Collage, Naharkanta, Bhubaneswar, Odisha 75201",
        "latitude": 20.328537000398107,
        "longitude": 85.87302300035215,
        "source_type": "REAL",
        "source_name": "BhubaneswarOne GIS (Category MapServer/22 - School OPEPA DISE)",
        "source_url": "http://bhubaneswarone.in/arcgis/rest/services/BhubaneswarOne/Category/MapServer/22/query?where=1%3D1&outFields=*&f=geojson",
        "retrieved_at": "2026-09-07T19:10:56.976Z"
      },
      "geometry": {
        "type": "Point",
        "coordinates": [
          85.87302300035215,
          20.328537000398107
        ]
      }
    },
    {
      "type": "Feature",
      "id": "fac_school_21171300673",
      "properties": {
        "id": "fac_school_21171300673",
        "name": "Chandrasekhardev H.S. Jeypor",
        "facility_type": "SCHOOL",
        "category_detail": "Upper Pr. and Secondary",
        "management": "Pvt. Aided",
        "address": "Pahal, Jayapur, Bhubaneswar, Odisha 752101",
        "latitude": 20.337051000232698,
        "longitude": 85.89127900037647,
        "source_type": "REAL",
        "source_name": "BhubaneswarOne GIS (Category MapServer/22 - School OPEPA DISE)",
        "source_url": "http://bhubaneswarone.in/arcgis/rest/services/BhubaneswarOne/Category/MapServer/22/query?where=1%3D1&outFields=*&f=geojson",
        "retrieved_at": "2026-09-07T19:10:56.976Z"
      },
      "geometry": {
        "type": "Point",
        "coordinates": [
          85.89127900037647,
          20.337051000232698
        ]
      }
    },
    {
      "type": "Feature",
      "id": "fac_school_21171300702",
      "properties": {
        "id": "fac_school_21171300702",
        "name": "GGP HBC P S",
        "facility_type": "SCHOOL",
        "category_detail": "Primary",
        "management": "GOVT.",
        "address": "GGP Colony, Rasulgarh, Bhubaneswar, Odisha-751025",
        "latitude": 20.29384299960853,
        "longitude": 85.86648500037873,
        "source_type": "REAL",
        "source_name": "BhubaneswarOne GIS (Category MapServer/22 - School OPEPA DISE)",
        "source_url": "http://bhubaneswarone.in/arcgis/rest/services/BhubaneswarOne/Category/MapServer/22/query?where=1%3D1&outFields=*&f=geojson",
        "retrieved_at": "2026-09-07T19:10:56.976Z"
      },
      "geometry": {
        "type": "Point",
        "coordinates": [
          85.86648500037873,
          20.29384299960853
        ]
      }
    },
    {
      "type": "Feature",
      "id": "fac_school_21171300704",
      "properties": {
        "id": "fac_school_21171300704",
        "name": "Palasuni U G U P S, H.S.",
        "facility_type": "SCHOOL",
        "category_detail": "Primary with Secondary",
        "management": "GOVT.",
        "address": "At/Po-Rasulgarh,Bhubaneswar,Nh16,Bhubaneswar, Odisha 751010",
        "latitude": 20.29441500016684,
        "longitude": 85.85776600045901,
        "source_type": "REAL",
        "source_name": "BhubaneswarOne GIS (Category MapServer/22 - School OPEPA DISE)",
        "source_url": "http://bhubaneswarone.in/arcgis/rest/services/BhubaneswarOne/Category/MapServer/22/query?where=1%3D1&outFields=*&f=geojson",
        "retrieved_at": "2026-09-07T19:10:56.976Z"
      },
      "geometry": {
        "type": "Point",
        "coordinates": [
          85.85776600045901,
          20.29441500016684
        ]
      }
    },
    {
      "type": "Feature",
      "id": "fac_school_21171300705",
      "properties": {
        "id": "fac_school_21171300705",
        "name": "Rasulgad Govt. Sevashrama Sch.",
        "facility_type": "SCHOOL",
        "category_detail": "Primary with Upper Primary",
        "management": "GOVT.(SC/ST DEPTT.)",
        "address": "Rasulgarh Ashram School, At/Po-Rasulgarh,Bhubaneswar,Nh16,Bhubaneswar, Odisha 751010",
        "latitude": 20.29441500016684,
        "longitude": 85.85776600045901,
        "source_type": "REAL",
        "source_name": "BhubaneswarOne GIS (Category MapServer/22 - School OPEPA DISE)",
        "source_url": "http://bhubaneswarone.in/arcgis/rest/services/BhubaneswarOne/Category/MapServer/22/query?where=1%3D1&outFields=*&f=geojson",
        "retrieved_at": "2026-09-07T19:10:56.976Z"
      },
      "geometry": {
        "type": "Point",
        "coordinates": [
          85.85776600045901,
          20.29441500016684
        ]
      }
    },
    {
      "type": "Feature",
      "id": "fac_school_21171300706",
      "properties": {
        "id": "fac_school_21171300706",
        "name": "Rasulgarh U G U P S",
        "facility_type": "SCHOOL",
        "category_detail": "Primary with Upper Primary",
        "management": "GOVT.",
        "address": "Rasulgarh Ugup School,Palasuni,Po-GGP Colony,Bhubaneswar-751025",
        "latitude": 20.301535999623706,
        "longitude": 85.86486999966463,
        "source_type": "REAL",
        "source_name": "BhubaneswarOne GIS (Category MapServer/22 - School OPEPA DISE)",
        "source_url": "http://bhubaneswarone.in/arcgis/rest/services/BhubaneswarOne/Category/MapServer/22/query?where=1%3D1&outFields=*&f=geojson",
        "retrieved_at": "2026-09-07T19:10:56.976Z"
      },
      "geometry": {
        "type": "Point",
        "coordinates": [
          85.86486999966463,
          20.301535999623706
        ]
      }
    },
    {
      "type": "Feature",
      "id": "fac_school_21171300707",
      "properties": {
        "id": "fac_school_21171300707",
        "name": "Pandara UG U P S",
        "facility_type": "SCHOOL",
        "category_detail": "Primary with Upper Primary",
        "management": "Department of Education",
        "address": "Near Hi-Tech Medical Collage, Rasulgarh, Bhubaneswar, Odisha",
        "latitude": 20.298409000046966,
        "longitude": 85.87548799972528,
        "source_type": "REAL",
        "source_name": "BhubaneswarOne GIS (Category MapServer/22 - School OPEPA DISE)",
        "source_url": "http://bhubaneswarone.in/arcgis/rest/services/BhubaneswarOne/Category/MapServer/22/query?where=1%3D1&outFields=*&f=geojson",
        "retrieved_at": "2026-09-07T19:10:56.976Z"
      },
      "geometry": {
        "type": "Point",
        "coordinates": [
          85.87548799972528,
          20.298409000046966
        ]
      }
    },
    {
      "type": "Feature",
      "id": "fac_school_21171300771",
      "properties": {
        "id": "fac_school_21171300771",
        "name": "Nilakanteswar Ideal School, GGP",
        "facility_type": "SCHOOL",
        "category_detail": "Primary with Upper Primary",
        "management": "PRIVATE RECOGNIGED",
        "address": "Plot No-919, GGP Colony Rasulgarh",
        "latitude": 20.29267400006409,
        "longitude": 85.86401200007575,
        "source_type": "REAL",
        "source_name": "BhubaneswarOne GIS (Category MapServer/22 - School OPEPA DISE)",
        "source_url": "http://bhubaneswarone.in/arcgis/rest/services/BhubaneswarOne/Category/MapServer/22/query?where=1%3D1&outFields=*&f=geojson",
        "retrieved_at": "2026-09-07T19:10:56.976Z"
      },
      "geometry": {
        "type": "Point",
        "coordinates": [
          85.86401200007575,
          20.29267400006409
        ]
      }
    },
    {
      "type": "Feature",
      "id": "fac_school_21171300774",
      "properties": {
        "id": "fac_school_21171300774",
        "name": "Gopinath Dev H.S.",
        "facility_type": "SCHOOL",
        "category_detail": "Upper Pr. and Secondary",
        "management": "Pvt. Aided",
        "address": "GGP Colony Rd, Rasulgarh, Bhubaneswar, Odisha",
        "latitude": 20.2920060001794,
        "longitude": 85.86520399977985,
        "source_type": "REAL",
        "source_name": "BhubaneswarOne GIS (Category MapServer/22 - School OPEPA DISE)",
        "source_url": "http://bhubaneswarone.in/arcgis/rest/services/BhubaneswarOne/Category/MapServer/22/query?where=1%3D1&outFields=*&f=geojson",
        "retrieved_at": "2026-09-07T19:10:56.976Z"
      },
      "geometry": {
        "type": "Point",
        "coordinates": [
          85.86520399977985,
          20.2920060001794
        ]
      }
    },
    {
      "type": "Feature",
      "id": "fac_school_21171300775",
      "properties": {
        "id": "fac_school_21171300775",
        "name": "GGP U P S",
        "facility_type": "SCHOOL",
        "category_detail": "Upper Primary only",
        "management": "PRIVATE RECOGNIGED",
        "address": "GGP Colony Rd, Rasulgarh, Bhubaneswar, Odisha",
        "latitude": 20.292988999989934,
        "longitude": 85.8647590001091,
        "source_type": "REAL",
        "source_name": "BhubaneswarOne GIS (Category MapServer/22 - School OPEPA DISE)",
        "source_url": "http://bhubaneswarone.in/arcgis/rest/services/BhubaneswarOne/Category/MapServer/22/query?where=1%3D1&outFields=*&f=geojson",
        "retrieved_at": "2026-09-07T19:10:56.976Z"
      },
      "geometry": {
        "type": "Point",
        "coordinates": [
          85.8647590001091,
          20.292988999989934
        ]
      }
    },
    {
      "type": "Feature",
      "id": "fac_school_21171300776",
      "properties": {
        "id": "fac_school_21171300776",
        "name": "Modern Sch, GGP Village",
        "facility_type": "SCHOOL",
        "category_detail": "Primary with Upper Primary",
        "management": "Pvt. Unaided",
        "address": "Near Pond, Nuasahi, Rasulgarh, Bhubaneswar, Odisha",
        "latitude": 20.297380999763565,
        "longitude": 85.86658900040325,
        "source_type": "REAL",
        "source_name": "BhubaneswarOne GIS (Category MapServer/22 - School OPEPA DISE)",
        "source_url": "http://bhubaneswarone.in/arcgis/rest/services/BhubaneswarOne/Category/MapServer/22/query?where=1%3D1&outFields=*&f=geojson",
        "retrieved_at": "2026-09-07T19:10:56.976Z"
      },
      "geometry": {
        "type": "Point",
        "coordinates": [
          85.86658900040325,
          20.297380999763565
        ]
      }
    },
    {
      "type": "Feature",
      "id": "fac_school_21171300777",
      "properties": {
        "id": "fac_school_21171300777",
        "name": "Saraswati Sishu Mandir, Rasul Garh",
        "facility_type": "SCHOOL",
        "category_detail": "Primary with Upper Primary",
        "management": "PRIVATE RECOGNIGED",
        "address": "Plot No-797, Sabara Sahi Lane, Rasulgarh, Bhubaneswar",
        "latitude": 20.294138999748554,
        "longitude": 85.85865000038487,
        "source_type": "REAL",
        "source_name": "BhubaneswarOne GIS (Category MapServer/22 - School OPEPA DISE)",
        "source_url": "http://bhubaneswarone.in/arcgis/rest/services/BhubaneswarOne/Category/MapServer/22/query?where=1%3D1&outFields=*&f=geojson",
        "retrieved_at": "2026-09-07T19:10:56.976Z"
      },
      "geometry": {
        "type": "Point",
        "coordinates": [
          85.85865000038487,
          20.294138999748554
        ]
      }
    },
    {
      "type": "Feature",
      "id": "fac_school_21171300778",
      "properties": {
        "id": "fac_school_21171300778",
        "name": "Saraswati Sishu Vidya Mandir",
        "facility_type": "SCHOOL",
        "category_detail": "Primary with Upper Primary",
        "management": "Un-Recognised",
        "address": "Sri Gita Khetra, Pandra, Rasulgarh, Bhubaneswar, Odisha",
        "latitude": 20.293884999718195,
        "longitude": 85.87293599981214,
        "source_type": "REAL",
        "source_name": "BhubaneswarOne GIS (Category MapServer/22 - School OPEPA DISE)",
        "source_url": "http://bhubaneswarone.in/arcgis/rest/services/BhubaneswarOne/Category/MapServer/22/query?where=1%3D1&outFields=*&f=geojson",
        "retrieved_at": "2026-09-07T19:10:56.976Z"
      },
      "geometry": {
        "type": "Point",
        "coordinates": [
          85.87293599981214,
          20.293884999718195
        ]
      }
    },
    {
      "type": "Feature",
      "id": "fac_school_21171300779",
      "properties": {
        "id": "fac_school_21171300779",
        "name": "Satya E. M. School, Rasulgarh",
        "facility_type": "SCHOOL",
        "category_detail": "Primary",
        "management": "Un-Recognised",
        "address": "Near Palasuni Hata, Rasulgarh, Bhubaneswar, Odisha 751025",
        "latitude": 20.29877299999146,
        "longitude": 85.8647160001985,
        "source_type": "REAL",
        "source_name": "BhubaneswarOne GIS (Category MapServer/22 - School OPEPA DISE)",
        "source_url": "http://bhubaneswarone.in/arcgis/rest/services/BhubaneswarOne/Category/MapServer/22/query?where=1%3D1&outFields=*&f=geojson",
        "retrieved_at": "2026-09-07T19:10:56.976Z"
      },
      "geometry": {
        "type": "Point",
        "coordinates": [
          85.8647160001985,
          20.29877299999146
        ]
      }
    },
    {
      "type": "Feature",
      "id": "fac_school_21171300782",
      "properties": {
        "id": "fac_school_21171300782",
        "name": "Srima Bidyapitha Rasulgarh",
        "facility_type": "SCHOOL",
        "category_detail": "Primary with Upper Primary",
        "management": "PRIVATE RECOGNIGED",
        "address": "Shreemaa Vidya Pitha, Plot No-46, Nua Sahi,Rasulgarh,Bhubaneswar-751010",
        "latitude": 20.295164999762786,
        "longitude": 85.86293299955545,
        "source_type": "REAL",
        "source_name": "BhubaneswarOne GIS (Category MapServer/22 - School OPEPA DISE)",
        "source_url": "http://bhubaneswarone.in/arcgis/rest/services/BhubaneswarOne/Category/MapServer/22/query?where=1%3D1&outFields=*&f=geojson",
        "retrieved_at": "2026-09-07T19:10:56.976Z"
      },
      "geometry": {
        "type": "Point",
        "coordinates": [
          85.86293299955545,
          20.295164999762786
        ]
      }
    },
    {
      "type": "Feature",
      "id": "fac_school_21171300783",
      "properties": {
        "id": "fac_school_21171300783",
        "name": "Hara Ganesh E.M School, Rasulgarh",
        "facility_type": "SCHOOL",
        "category_detail": "Primary with Upper Primary",
        "management": "Un-Recognised",
        "address": "Rd No 1, Near Ananya Mandap, GGP Colony, Rasulgarh, Bhubaneswar, Odisha",
        "latitude": 20.29456100041296,
        "longitude": 85.87056299976784,
        "source_type": "REAL",
        "source_name": "BhubaneswarOne GIS (Category MapServer/22 - School OPEPA DISE)",
        "source_url": "http://bhubaneswarone.in/arcgis/rest/services/BhubaneswarOne/Category/MapServer/22/query?where=1%3D1&outFields=*&f=geojson",
        "retrieved_at": "2026-09-07T19:10:56.976Z"
      },
      "geometry": {
        "type": "Point",
        "coordinates": [
          85.87056299976784,
          20.29456100041296
        ]
      }
    },
    {
      "type": "Feature",
      "id": "fac_school_21171300785",
      "properties": {
        "id": "fac_school_21171300785",
        "name": "Ram Krishna Ideal School, Ralsulgarh",
        "facility_type": "SCHOOL",
        "category_detail": "Primary with Upper Primary",
        "management": "PRIVATE RECOGNIGED",
        "address": "Ramakrushna Ideal School, Plot No-830,Sabara Sahi Lane, Rasulgarh,751010",
        "latitude": 20.293935999763345,
        "longitude": 85.85856499967939,
        "source_type": "REAL",
        "source_name": "BhubaneswarOne GIS (Category MapServer/22 - School OPEPA DISE)",
        "source_url": "http://bhubaneswarone.in/arcgis/rest/services/BhubaneswarOne/Category/MapServer/22/query?where=1%3D1&outFields=*&f=geojson",
        "retrieved_at": "2026-09-07T19:10:56.976Z"
      },
      "geometry": {
        "type": "Point",
        "coordinates": [
          85.85856499967939,
          20.293935999763345
        ]
      }
    },
    {
      "type": "Feature",
      "id": "fac_school_21171300786",
      "properties": {
        "id": "fac_school_21171300786",
        "name": "S.S.Mandir Nuasahi, Rasulgarh",
        "facility_type": "SCHOOL",
        "category_detail": "Primary with Upper Primary",
        "management": "Private Recognised",
        "address": "Nuha Sahi,Rasulgarh,Bhubaneswar, Odisha 751010",
        "latitude": 20.294911000380196,
        "longitude": 85.85837399963535,
        "source_type": "REAL",
        "source_name": "BhubaneswarOne GIS (Category MapServer/22 - School OPEPA DISE)",
        "source_url": "http://bhubaneswarone.in/arcgis/rest/services/BhubaneswarOne/Category/MapServer/22/query?where=1%3D1&outFields=*&f=geojson",
        "retrieved_at": "2026-09-07T19:10:56.976Z"
      },
      "geometry": {
        "type": "Point",
        "coordinates": [
          85.85837399963535,
          20.294911000380196
        ]
      }
    },
    {
      "type": "Feature",
      "id": "fac_school_21171301251",
      "properties": {
        "id": "fac_school_21171301251",
        "name": "Baramunda H.B.Colony(M) P S",
        "facility_type": "SCHOOL",
        "category_detail": "Primary with Upper Primary",
        "management": "Department of Education",
        "address": "Baramunda Housing Board Colony\nBaramunda\nBhubaneswar, Odisha 751003",
        "latitude": 20.279825000066875,
        "longitude": 85.79685199959457,
        "source_type": "REAL",
        "source_name": "BhubaneswarOne GIS (Category MapServer/22 - School OPEPA DISE)",
        "source_url": "http://bhubaneswarone.in/arcgis/rest/services/BhubaneswarOne/Category/MapServer/22/query?where=1%3D1&outFields=*&f=geojson",
        "retrieved_at": "2026-09-07T19:10:56.976Z"
      },
      "geometry": {
        "type": "Point",
        "coordinates": [
          85.79685199959457,
          20.279825000066875
        ]
      }
    },
    {
      "type": "Feature",
      "id": "fac_school_21171301274",
      "properties": {
        "id": "fac_school_21171301274",
        "name": "Venkateswar School",
        "facility_type": "SCHOOL",
        "category_detail": "Primary",
        "management": "Un-Recognised",
        "address": "Hig-A/9, Near Fire Station, Baramunda H.B. Colony, Bhubaneswar, Odisha 751003",
        "latitude": 20.285085000285072,
        "longitude": 85.79629199953149,
        "source_type": "REAL",
        "source_name": "BhubaneswarOne GIS (Category MapServer/22 - School OPEPA DISE)",
        "source_url": "http://bhubaneswarone.in/arcgis/rest/services/BhubaneswarOne/Category/MapServer/22/query?where=1%3D1&outFields=*&f=geojson",
        "retrieved_at": "2026-09-07T19:10:56.976Z"
      },
      "geometry": {
        "type": "Point",
        "coordinates": [
          85.79629199953149,
          20.285085000285072
        ]
      }
    },
    {
      "type": "Feature",
      "id": "fac_school_21171301301",
      "properties": {
        "id": "fac_school_21171301301",
        "name": "Jokalandi P S",
        "facility_type": "SCHOOL",
        "category_detail": "Primary",
        "management": "Department of Education",
        "address": "Khandagiri Chandaka Road, Bharatpur, Bhubaneswar, Odisha",
        "latitude": 20.295584000231862,
        "longitude": 85.77820399960189,
        "source_type": "REAL",
        "source_name": "BhubaneswarOne GIS (Category MapServer/22 - School OPEPA DISE)",
        "source_url": "http://bhubaneswarone.in/arcgis/rest/services/BhubaneswarOne/Category/MapServer/22/query?where=1%3D1&outFields=*&f=geojson",
        "retrieved_at": "2026-09-07T19:10:56.976Z"
      },
      "geometry": {
        "type": "Point",
        "coordinates": [
          85.77820399960189,
          20.295584000231862
        ]
      }
    },
    {
      "type": "Feature",
      "id": "fac_school_21171301302",
      "properties": {
        "id": "fac_school_21171301302",
        "name": "Madhusudan UP(Me)S",
        "facility_type": "SCHOOL",
        "category_detail": "Upper Primary only",
        "management": "Pvt. Aided",
        "address": "Palm Heights Road, Shampur, Bhubaneswar, Odisha",
        "latitude": 20.28411599982804,
        "longitude": 85.76671299979705,
        "source_type": "REAL",
        "source_name": "BhubaneswarOne GIS (Category MapServer/22 - School OPEPA DISE)",
        "source_url": "http://bhubaneswarone.in/arcgis/rest/services/BhubaneswarOne/Category/MapServer/22/query?where=1%3D1&outFields=*&f=geojson",
        "retrieved_at": "2026-09-07T19:10:56.976Z"
      },
      "geometry": {
        "type": "Point",
        "coordinates": [
          85.76671299979705,
          20.28411599982804
        ]
      }
    },
    {
      "type": "Feature",
      "id": "fac_school_21171301304",
      "properties": {
        "id": "fac_school_21171301304",
        "name": "Gopabandhu Project U P S.Bhartpur",
        "facility_type": "SCHOOL",
        "category_detail": "Primary with Upper Primary",
        "management": "Department of Education",
        "address": "Khandagiri Chandaka Road, Bharatpur, Bhubaneswar, Odisha",
        "latitude": 20.299421000448884,
        "longitude": 85.7784039997508,
        "source_type": "REAL",
        "source_name": "BhubaneswarOne GIS (Category MapServer/22 - School OPEPA DISE)",
        "source_url": "http://bhubaneswarone.in/arcgis/rest/services/BhubaneswarOne/Category/MapServer/22/query?where=1%3D1&outFields=*&f=geojson",
        "retrieved_at": "2026-09-07T19:10:56.976Z"
      },
      "geometry": {
        "type": "Point",
        "coordinates": [
          85.7784039997508,
          20.299421000448884
        ]
      }
    },
    {
      "type": "Feature",
      "id": "fac_school_21171301374",
      "properties": {
        "id": "fac_school_21171301374",
        "name": "Kalinga Bidyapitha, Sampur",
        "facility_type": "SCHOOL",
        "category_detail": "Upper Pr. and Secondary",
        "management": "Pvt. Aided",
        "address": "Near Boi Bank, Kapila Prasad, Sundarpada, Bhubaneswar, Odisha 751002",
        "latitude": 20.28392499955242,
        "longitude": 85.7665140000223,
        "source_type": "REAL",
        "source_name": "BhubaneswarOne GIS (Category MapServer/22 - School OPEPA DISE)",
        "source_url": "http://bhubaneswarone.in/arcgis/rest/services/BhubaneswarOne/Category/MapServer/22/query?where=1%3D1&outFields=*&f=geojson",
        "retrieved_at": "2026-09-07T19:10:56.976Z"
      },
      "geometry": {
        "type": "Point",
        "coordinates": [
          85.7665140000223,
          20.28392499955242
        ]
      }
    },
    {
      "type": "Feature",
      "id": "fac_school_21171301376",
      "properties": {
        "id": "fac_school_21171301376",
        "name": "Dr. B.R. Ambedakar H.S. Bhar",
        "facility_type": "SCHOOL",
        "category_detail": "Upper Pr. and Secondary",
        "management": "Pvt. Unaided",
        "address": "Khandagiri Chandaka Road, Bharatpur, Bhubaneswar, Odisha",
        "latitude": 20.299573999902044,
        "longitude": 85.77828600031677,
        "source_type": "REAL",
        "source_name": "BhubaneswarOne GIS (Category MapServer/22 - School OPEPA DISE)",
        "source_url": "http://bhubaneswarone.in/arcgis/rest/services/BhubaneswarOne/Category/MapServer/22/query?where=1%3D1&outFields=*&f=geojson",
        "retrieved_at": "2026-09-07T19:10:56.976Z"
      },
      "geometry": {
        "type": "Point",
        "coordinates": [
          85.77828600031677,
          20.299573999902044
        ]
      }
    },
    {
      "type": "Feature",
      "id": "fac_school_21171301378",
      "properties": {
        "id": "fac_school_21171301378",
        "name": "St. Joseph School",
        "facility_type": "SCHOOL",
        "category_detail": "Pr. Up Pr. and Secondary Only",
        "management": "Pvt. Unaided",
        "address": "Madhusudan Marg, Kharvel Nagar, Bhubaneswar, Odisha",
        "latitude": 20.291427999666215,
        "longitude": 85.77825199974686,
        "source_type": "REAL",
        "source_name": "BhubaneswarOne GIS (Category MapServer/22 - School OPEPA DISE)",
        "source_url": "http://bhubaneswarone.in/arcgis/rest/services/BhubaneswarOne/Category/MapServer/22/query?where=1%3D1&outFields=*&f=geojson",
        "retrieved_at": "2026-09-07T19:10:56.976Z"
      },
      "geometry": {
        "type": "Point",
        "coordinates": [
          85.77825199974686,
          20.291427999666215
        ]
      }
    },
    {
      "type": "Feature",
      "id": "fac_school_21171301379",
      "properties": {
        "id": "fac_school_21171301379",
        "name": "S.S.M School, Bharatpur",
        "facility_type": "SCHOOL",
        "category_detail": "Primary with Upper Primary",
        "management": "Un-Recognised",
        "address": "Khandagiri Chandaka Road, Bharatpur, Bhubaneswar, Odisha",
        "latitude": 20.29766499967041,
        "longitude": 85.77998799971115,
        "source_type": "REAL",
        "source_name": "BhubaneswarOne GIS (Category MapServer/22 - School OPEPA DISE)",
        "source_url": "http://bhubaneswarone.in/arcgis/rest/services/BhubaneswarOne/Category/MapServer/22/query?where=1%3D1&outFields=*&f=geojson",
        "retrieved_at": "2026-09-07T19:10:56.976Z"
      },
      "geometry": {
        "type": "Point",
        "coordinates": [
          85.77998799971115,
          20.29766499967041
        ]
      }
    },
    {
      "type": "Feature",
      "id": "fac_school_21171301551",
      "properties": {
        "id": "fac_school_21171301551",
        "name": "Baramunda Mlty H S",
        "facility_type": "SCHOOL",
        "category_detail": "Upper Pr. and Secondary",
        "management": "Department of Education",
        "address": "Maa Kali Temple Rd, Back Side of Biju Pattnaik Ground, Beramunda, Bhubaneswar, Odisha",
        "latitude": 20.27442700012478,
        "longitude": 85.79773600004133,
        "source_type": "REAL",
        "source_name": "BhubaneswarOne GIS (Category MapServer/22 - School OPEPA DISE)",
        "source_url": "http://bhubaneswarone.in/arcgis/rest/services/BhubaneswarOne/Category/MapServer/22/query?where=1%3D1&outFields=*&f=geojson",
        "retrieved_at": "2026-09-07T19:10:56.976Z"
      },
      "geometry": {
        "type": "Point",
        "coordinates": [
          85.79773600004133,
          20.27442700012478
        ]
      }
    },
    {
      "type": "Feature",
      "id": "fac_school_21171301552",
      "properties": {
        "id": "fac_school_21171301552",
        "name": "Baramunda(M) P S",
        "facility_type": "SCHOOL",
        "category_detail": "Primary",
        "management": "Department of Education",
        "address": "1537/4310, Jagamara-Baramunda Road, Sbi Colony, Soubhagya Nagar, Phase 2 Bhubaneswar, Odisha",
        "latitude": 20.2681479998273,
        "longitude": 85.79922899964477,
        "source_type": "REAL",
        "source_name": "BhubaneswarOne GIS (Category MapServer/22 - School OPEPA DISE)",
        "source_url": "http://bhubaneswarone.in/arcgis/rest/services/BhubaneswarOne/Category/MapServer/22/query?where=1%3D1&outFields=*&f=geojson",
        "retrieved_at": "2026-09-07T19:10:56.976Z"
      },
      "geometry": {
        "type": "Point",
        "coordinates": [
          85.79922899964477,
          20.2681479998273
        ]
      }
    },
    {
      "type": "Feature",
      "id": "fac_school_21171301571",
      "properties": {
        "id": "fac_school_21171301571",
        "name": "Jeeban Jyoti P.S, Baramunda",
        "facility_type": "SCHOOL",
        "category_detail": "Primary",
        "management": "Un-Recognised",
        "address": "Near Tribal Muesum, Gopabandhu Nagar, Bhubaneswar, Odisha",
        "latitude": 20.28360899991603,
        "longitude": 85.80777700027213,
        "source_type": "REAL",
        "source_name": "BhubaneswarOne GIS (Category MapServer/22 - School OPEPA DISE)",
        "source_url": "http://bhubaneswarone.in/arcgis/rest/services/BhubaneswarOne/Category/MapServer/22/query?where=1%3D1&outFields=*&f=geojson",
        "retrieved_at": "2026-09-07T19:10:56.976Z"
      },
      "geometry": {
        "type": "Point",
        "coordinates": [
          85.80777700027213,
          20.28360899991603
        ]
      }
    },
    {
      "type": "Feature",
      "id": "fac_school_21171301572",
      "properties": {
        "id": "fac_school_21171301572",
        "name": "Gayatri Vidyamandir, Baramunda",
        "facility_type": "SCHOOL",
        "category_detail": "Primary with Upper Primary",
        "management": "Un-Recognised",
        "address": "Baramunda Village, Bhubaneswar, Odisha 751003",
        "latitude": 20.272900999590053,
        "longitude": 85.79922400021945,
        "source_type": "REAL",
        "source_name": "BhubaneswarOne GIS (Category MapServer/22 - School OPEPA DISE)",
        "source_url": "http://bhubaneswarone.in/arcgis/rest/services/BhubaneswarOne/Category/MapServer/22/query?where=1%3D1&outFields=*&f=geojson",
        "retrieved_at": "2026-09-07T19:10:56.976Z"
      },
      "geometry": {
        "type": "Point",
        "coordinates": [
          85.79922400021945,
          20.272900999590053
        ]
      }
    },
    {
      "type": "Feature",
      "id": "fac_school_21171301701",
      "properties": {
        "id": "fac_school_21171301701",
        "name": "Govt. Girls H S, Unit-8",
        "facility_type": "SCHOOL",
        "category_detail": "Secondary Only",
        "management": "Department of Education",
        "address": "Govt. Girls High School Unit 8, Bhubaneswar, Odisha 751012",
        "latitude": 20.27743399973782,
        "longitude": 85.81185899971295,
        "source_type": "REAL",
        "source_name": "BhubaneswarOne GIS (Category MapServer/22 - School OPEPA DISE)",
        "source_url": "http://bhubaneswarone.in/arcgis/rest/services/BhubaneswarOne/Category/MapServer/22/query?where=1%3D1&outFields=*&f=geojson",
        "retrieved_at": "2026-09-07T19:10:56.976Z"
      },
      "geometry": {
        "type": "Point",
        "coordinates": [
          85.81185899971295,
          20.27743399973782
        ]
      }
    },
    {
      "type": "Feature",
      "id": "fac_school_21171301751",
      "properties": {
        "id": "fac_school_21171301751",
        "name": "DAV Public School, Unit-8",
        "facility_type": "SCHOOL",
        "category_detail": "Pr. with Up.Pr. sec. and H.Sec.",
        "management": "Pvt. Unaided",
        "address": "Unit-8, Khurda, Nayapalli, Bhubaneshwar, Odisha 751012",
        "latitude": 20.275312999968477,
        "longitude": 85.81807700004323,
        "source_type": "REAL",
        "source_name": "BhubaneswarOne GIS (Category MapServer/22 - School OPEPA DISE)",
        "source_url": "http://bhubaneswarone.in/arcgis/rest/services/BhubaneswarOne/Category/MapServer/22/query?where=1%3D1&outFields=*&f=geojson",
        "retrieved_at": "2026-09-07T19:10:56.976Z"
      },
      "geometry": {
        "type": "Point",
        "coordinates": [
          85.81807700004323,
          20.275312999968477
        ]
      }
    },
    {
      "type": "Feature",
      "id": "fac_school_21171301781",
      "properties": {
        "id": "fac_school_21171301781",
        "name": "Ekalabya Sishu Vidyamandir",
        "facility_type": "SCHOOL",
        "category_detail": "Primary",
        "management": "Pvt. Unaided",
        "address": "Near Mahalaxmi Vihar Post office, Durga Madhab Nagar, Bhubaneswar, Odisha",
        "latitude": 20.291322000041163,
        "longitude": 85.77691999994104,
        "source_type": "REAL",
        "source_name": "BhubaneswarOne GIS (Category MapServer/22 - School OPEPA DISE)",
        "source_url": "http://bhubaneswarone.in/arcgis/rest/services/BhubaneswarOne/Category/MapServer/22/query?where=1%3D1&outFields=*&f=geojson",
        "retrieved_at": "2026-09-07T19:10:56.976Z"
      },
      "geometry": {
        "type": "Point",
        "coordinates": [
          85.77691999994104,
          20.291322000041163
        ]
      }
    },
    {
      "type": "Feature",
      "id": "fac_school_21171301782",
      "properties": {
        "id": "fac_school_21171301782",
        "name": "Louis Braille School",
        "facility_type": "SCHOOL",
        "category_detail": "Primary with Upper Primary",
        "management": "Others",
        "address": "Near Mahalaxmi Vihar Post office, Durga Madhab Nagar, Bhubaneswar, Odisha",
        "latitude": 20.289923999880845,
        "longitude": 85.77694099981335,
        "source_type": "REAL",
        "source_name": "BhubaneswarOne GIS (Category MapServer/22 - School OPEPA DISE)",
        "source_url": "http://bhubaneswarone.in/arcgis/rest/services/BhubaneswarOne/Category/MapServer/22/query?where=1%3D1&outFields=*&f=geojson",
        "retrieved_at": "2026-09-07T19:10:56.976Z"
      },
      "geometry": {
        "type": "Point",
        "coordinates": [
          85.77694099981335,
          20.289923999880845
        ]
      }
    },
    {
      "type": "Feature",
      "id": "fac_school_21171301783",
      "properties": {
        "id": "fac_school_21171301783",
        "name": "Rajadhani School For Deaf",
        "facility_type": "SCHOOL",
        "category_detail": "Primary with Upper Primary",
        "management": "Others",
        "address": "Near Mahalaxmi Vihar Post office, Durga Madhab Nagar, Bhubaneswar, Odisha",
        "latitude": 20.289720000099944,
        "longitude": 85.77705600012541,
        "source_type": "REAL",
        "source_name": "BhubaneswarOne GIS (Category MapServer/22 - School OPEPA DISE)",
        "source_url": "http://bhubaneswarone.in/arcgis/rest/services/BhubaneswarOne/Category/MapServer/22/query?where=1%3D1&outFields=*&f=geojson",
        "retrieved_at": "2026-09-07T19:10:56.976Z"
      },
      "geometry": {
        "type": "Point",
        "coordinates": [
          85.77705600012541,
          20.289720000099944
        ]
      }
    },
    {
      "type": "Feature",
      "id": "fac_school_21171302001",
      "properties": {
        "id": "fac_school_21171302001",
        "name": "Govt. H S, Saheed Nagar",
        "facility_type": "SCHOOL",
        "category_detail": "Upper Pr. and Secondary",
        "management": "Department of Education",
        "address": "684, School Street, Saheed Nagar, Bhubaneswar, Odisha 751022",
        "latitude": 20.288690999960423,
        "longitude": 85.84853500043832,
        "source_type": "REAL",
        "source_name": "BhubaneswarOne GIS (Category MapServer/22 - School OPEPA DISE)",
        "source_url": "http://bhubaneswarone.in/arcgis/rest/services/BhubaneswarOne/Category/MapServer/22/query?where=1%3D1&outFields=*&f=geojson",
        "retrieved_at": "2026-09-07T19:10:56.976Z"
      },
      "geometry": {
        "type": "Point",
        "coordinates": [
          85.84853500043832,
          20.288690999960423
        ]
      }
    },
    {
      "type": "Feature",
      "id": "fac_school_21171302101",
      "properties": {
        "id": "fac_school_21171302101",
        "name": "Debaraj Bidyapitaha Nodal U P.S, Bomi",
        "facility_type": "SCHOOL",
        "category_detail": "Primary with Upper Primary",
        "management": "Department of Education",
        "address": "Bomikhal, Bhubaneswar, Odisha 751010",
        "latitude": 20.284128000107316,
        "longitude": 85.8566690001271,
        "source_type": "REAL",
        "source_name": "BhubaneswarOne GIS (Category MapServer/22 - School OPEPA DISE)",
        "source_url": "http://bhubaneswarone.in/arcgis/rest/services/BhubaneswarOne/Category/MapServer/22/query?where=1%3D1&outFields=*&f=geojson",
        "retrieved_at": "2026-09-07T19:10:56.976Z"
      },
      "geometry": {
        "type": "Point",
        "coordinates": [
          85.8566690001271,
          20.284128000107316
        ]
      }
    },
    {
      "type": "Feature",
      "id": "fac_school_21171302171",
      "properties": {
        "id": "fac_school_21171302171",
        "name": "Mother Pub. Sch, Bomikhal",
        "facility_type": "SCHOOL",
        "category_detail": "Primary with Upper Primary",
        "management": "Un-Recognised",
        "address": "1553/2159, Gobindprasad Area, Jagannath Nagar, Rasulgarh, Jagannath Nagar, Rasulgarh, Bhubaneswar, Odisha 751025",
        "latitude": 20.28317299972087,
        "longitude": 85.86279899962823,
        "source_type": "REAL",
        "source_name": "BhubaneswarOne GIS (Category MapServer/22 - School OPEPA DISE)",
        "source_url": "http://bhubaneswarone.in/arcgis/rest/services/BhubaneswarOne/Category/MapServer/22/query?where=1%3D1&outFields=*&f=geojson",
        "retrieved_at": "2026-09-07T19:10:56.976Z"
      },
      "geometry": {
        "type": "Point",
        "coordinates": [
          85.86279899962823,
          20.28317299972087
        ]
      }
    },
    {
      "type": "Feature",
      "id": "fac_school_21171302172",
      "properties": {
        "id": "fac_school_21171302172",
        "name": "V.E.M. School Kenal Road Bomikhal",
        "facility_type": "SCHOOL",
        "category_detail": "Primary",
        "management": "Un-Recognised",
        "address": "Canal Road,Jharapara",
        "latitude": 20.280300999665634,
        "longitude": 85.8614460000612,
        "source_type": "REAL",
        "source_name": "BhubaneswarOne GIS (Category MapServer/22 - School OPEPA DISE)",
        "source_url": "http://bhubaneswarone.in/arcgis/rest/services/BhubaneswarOne/Category/MapServer/22/query?where=1%3D1&outFields=*&f=geojson",
        "retrieved_at": "2026-09-07T19:10:56.976Z"
      },
      "geometry": {
        "type": "Point",
        "coordinates": [
          85.8614460000612,
          20.280300999665634
        ]
      }
    },
    {
      "type": "Feature",
      "id": "fac_school_21171302173",
      "properties": {
        "id": "fac_school_21171302173",
        "name": "East Point Public School",
        "facility_type": "SCHOOL",
        "category_detail": "Primary with Upper Primary",
        "management": "Private Recognised",
        "address": "Plot No-841, Keshab Complex,Cuttack Road, Rasulgarh, Bhubaneswar, Odisha 751010",
        "latitude": 20.291115000441323,
        "longitude": 85.85751699955037,
        "source_type": "REAL",
        "source_name": "BhubaneswarOne GIS (Category MapServer/22 - School OPEPA DISE)",
        "source_url": "http://bhubaneswarone.in/arcgis/rest/services/BhubaneswarOne/Category/MapServer/22/query?where=1%3D1&outFields=*&f=geojson",
        "retrieved_at": "2026-09-07T19:10:56.976Z"
      },
      "geometry": {
        "type": "Point",
        "coordinates": [
          85.85751699955037,
          20.291115000441323
        ]
      }
    },
    {
      "type": "Feature",
      "id": "fac_school_21171302201",
      "properties": {
        "id": "fac_school_21171302201",
        "name": "Jharapada C P S",
        "facility_type": "SCHOOL",
        "category_detail": "Primary",
        "management": "Department of Education",
        "address": "Jharapada, Bhubaneswar, Odisha 751006",
        "latitude": 20.273590000248443,
        "longitude": 85.86093799973072,
        "source_type": "REAL",
        "source_name": "BhubaneswarOne GIS (Category MapServer/22 - School OPEPA DISE)",
        "source_url": "http://bhubaneswarone.in/arcgis/rest/services/BhubaneswarOne/Category/MapServer/22/query?where=1%3D1&outFields=*&f=geojson",
        "retrieved_at": "2026-09-07T19:10:56.976Z"
      },
      "geometry": {
        "type": "Point",
        "coordinates": [
          85.86093799973072,
          20.273590000248443
        ]
      }
    },
    {
      "type": "Feature",
      "id": "fac_school_21171302251",
      "properties": {
        "id": "fac_school_21171302251",
        "name": "Jharapara H.S.",
        "facility_type": "SCHOOL",
        "category_detail": "Upper Pr. and Secondary",
        "management": "Pvt. Aided",
        "address": "Jharpada Road, Jharapada, Bhubaneswar, Odisha 751006",
        "latitude": 20.27571300042781,
        "longitude": 85.8599759999035,
        "source_type": "REAL",
        "source_name": "BhubaneswarOne GIS (Category MapServer/22 - School OPEPA DISE)",
        "source_url": "http://bhubaneswarone.in/arcgis/rest/services/BhubaneswarOne/Category/MapServer/22/query?where=1%3D1&outFields=*&f=geojson",
        "retrieved_at": "2026-09-07T19:10:56.976Z"
      },
      "geometry": {
        "type": "Point",
        "coordinates": [
          85.8599759999035,
          20.27571300042781
        ]
      }
    },
    {
      "type": "Feature",
      "id": "fac_school_21171302276",
      "properties": {
        "id": "fac_school_21171302276",
        "name": "Sri Aurobindo Integral Edn. Jharpada",
        "facility_type": "SCHOOL",
        "category_detail": "Primary with Upper Primary",
        "management": "Pvt. Unaided",
        "address": "Jail Rd, Jharapada, Bhubaneswar, Odisha 751006",
        "latitude": 20.274958000041604,
        "longitude": 85.85966000014947,
        "source_type": "REAL",
        "source_name": "BhubaneswarOne GIS (Category MapServer/22 - School OPEPA DISE)",
        "source_url": "http://bhubaneswarone.in/arcgis/rest/services/BhubaneswarOne/Category/MapServer/22/query?where=1%3D1&outFields=*&f=geojson",
        "retrieved_at": "2026-09-07T19:10:56.976Z"
      },
      "geometry": {
        "type": "Point",
        "coordinates": [
          85.85966000014947,
          20.274958000041604
        ]
      }
    },
    {
      "type": "Feature",
      "id": "fac_school_21171302301",
      "properties": {
        "id": "fac_school_21171302301",
        "name": "Laxmisagar H.B.C. P S",
        "facility_type": "SCHOOL",
        "category_detail": "Primary",
        "management": "Department of Education",
        "address": "Laxmisagar Hbc,  Laxmisagar,Bbsr-751006",
        "latitude": 20.27001200042059,
        "longitude": 85.85884000019688,
        "source_type": "REAL",
        "source_name": "BhubaneswarOne GIS (Category MapServer/22 - School OPEPA DISE)",
        "source_url": "http://bhubaneswarone.in/arcgis/rest/services/BhubaneswarOne/Category/MapServer/22/query?where=1%3D1&outFields=*&f=geojson",
        "retrieved_at": "2026-09-07T19:10:56.976Z"
      },
      "geometry": {
        "type": "Point",
        "coordinates": [
          85.85884000019688,
          20.27001200042059
        ]
      }
    },
    {
      "type": "Feature",
      "id": "fac_school_21171302351",
      "properties": {
        "id": "fac_school_21171302351",
        "name": "Laxmisagar(M) P S",
        "facility_type": "SCHOOL",
        "category_detail": "Primary",
        "management": "Department of Education",
        "address": "Laxmisagar,Bbsr-751006",
        "latitude": 20.268473999638548,
        "longitude": 85.8558389995458,
        "source_type": "REAL",
        "source_name": "BhubaneswarOne GIS (Category MapServer/22 - School OPEPA DISE)",
        "source_url": "http://bhubaneswarone.in/arcgis/rest/services/BhubaneswarOne/Category/MapServer/22/query?where=1%3D1&outFields=*&f=geojson",
        "retrieved_at": "2026-09-07T19:10:56.976Z"
      },
      "geometry": {
        "type": "Point",
        "coordinates": [
          85.8558389995458,
          20.268473999638548
        ]
      }
    },
    {
      "type": "Feature",
      "id": "fac_school_21171302352",
      "properties": {
        "id": "fac_school_21171302352",
        "name": "Municipal  H.S.Laxmisagar",
        "facility_type": "SCHOOL",
        "category_detail": "Upper Pr. and Secondary",
        "management": "Department of Education",
        "address": "Laxmisagar,Bbsr-751006",
        "latitude": 20.269346999870262,
        "longitude": 85.8555660001553,
        "source_type": "REAL",
        "source_name": "BhubaneswarOne GIS (Category MapServer/22 - School OPEPA DISE)",
        "source_url": "http://bhubaneswarone.in/arcgis/rest/services/BhubaneswarOne/Category/MapServer/22/query?where=1%3D1&outFields=*&f=geojson",
        "retrieved_at": "2026-09-07T19:10:56.976Z"
      },
      "geometry": {
        "type": "Point",
        "coordinates": [
          85.8555660001553,
          20.269346999870262
        ]
      }
    },
    {
      "type": "Feature",
      "id": "fac_school_21171302353",
      "properties": {
        "id": "fac_school_21171302353",
        "name": "Vivekananda Shiksha Kendra, Laxmi S",
        "facility_type": "SCHOOL",
        "category_detail": "Pr. Up Pr. and Secondary Only",
        "management": "Pvt. Unaided",
        "address": "Laxmisagar,Bbsr-751006",
        "latitude": 20.270131000181316,
        "longitude": 85.85630400005613,
        "source_type": "REAL",
        "source_name": "BhubaneswarOne GIS (Category MapServer/22 - School OPEPA DISE)",
        "source_url": "http://bhubaneswarone.in/arcgis/rest/services/BhubaneswarOne/Category/MapServer/22/query?where=1%3D1&outFields=*&f=geojson",
        "retrieved_at": "2026-09-07T19:10:56.976Z"
      },
      "geometry": {
        "type": "Point",
        "coordinates": [
          85.85630400005613,
          20.270131000181316
        ]
      }
    },
    {
      "type": "Feature",
      "id": "fac_school_21171302372",
      "properties": {
        "id": "fac_school_21171302372",
        "name": "Omm Saraswati Sishu Mandir, Laxmi S",
        "facility_type": "SCHOOL",
        "category_detail": "Primary with Upper Primary",
        "management": "Un-Recognised",
        "address": "Melan Padia,Laxmisagar,Bbsr-751006",
        "latitude": 20.270562000301762,
        "longitude": 85.85382599994885,
        "source_type": "REAL",
        "source_name": "BhubaneswarOne GIS (Category MapServer/22 - School OPEPA DISE)",
        "source_url": "http://bhubaneswarone.in/arcgis/rest/services/BhubaneswarOne/Category/MapServer/22/query?where=1%3D1&outFields=*&f=geojson",
        "retrieved_at": "2026-09-07T19:10:56.976Z"
      },
      "geometry": {
        "type": "Point",
        "coordinates": [
          85.85382599994885,
          20.270562000301762
        ]
      }
    },
    {
      "type": "Feature",
      "id": "fac_school_21171302373",
      "properties": {
        "id": "fac_school_21171302373",
        "name": "Saraswati Gyanapitha, Laxmi Sagar",
        "facility_type": "SCHOOL",
        "category_detail": "Primary with Upper Primary",
        "management": "Un-Recognised",
        "address": "Laxmisagar,Bbsr-751006",
        "latitude": 20.267748000003788,
        "longitude": 85.85541099964064,
        "source_type": "REAL",
        "source_name": "BhubaneswarOne GIS (Category MapServer/22 - School OPEPA DISE)",
        "source_url": "http://bhubaneswarone.in/arcgis/rest/services/BhubaneswarOne/Category/MapServer/22/query?where=1%3D1&outFields=*&f=geojson",
        "retrieved_at": "2026-09-07T19:10:56.976Z"
      },
      "geometry": {
        "type": "Point",
        "coordinates": [
          85.85541099964064,
          20.267748000003788
        ]
      }
    },
    {
      "type": "Feature",
      "id": "fac_school_21171302376",
      "properties": {
        "id": "fac_school_21171302376",
        "name": "Netaji E.M School Laxmisagar",
        "facility_type": "SCHOOL",
        "category_detail": "Pr. Up Pr. and Secondary Only",
        "management": "Un-Recognised",
        "address": "Budheswari Laxmi Sagar,Bbsr-751006",
        "latitude": 20.26609000037592,
        "longitude": 85.84977000009906,
        "source_type": "REAL",
        "source_name": "BhubaneswarOne GIS (Category MapServer/22 - School OPEPA DISE)",
        "source_url": "http://bhubaneswarone.in/arcgis/rest/services/BhubaneswarOne/Category/MapServer/22/query?where=1%3D1&outFields=*&f=geojson",
        "retrieved_at": "2026-09-07T19:10:56.976Z"
      },
      "geometry": {
        "type": "Point",
        "coordinates": [
          85.84977000009906,
          20.26609000037592
        ]
      }
    },
    {
      "type": "Feature",
      "id": "fac_school_21171302377",
      "properties": {
        "id": "fac_school_21171302377",
        "name": "Saraswati Bidya Bhawan Axmi Sagar",
        "facility_type": "SCHOOL",
        "category_detail": "Primary with Upper Primary",
        "management": "Un-Recognised",
        "address": "Budheswari,Bbsr-751006",
        "latitude": 20.265885999731374,
        "longitude": 85.84873699997756,
        "source_type": "REAL",
        "source_name": "BhubaneswarOne GIS (Category MapServer/22 - School OPEPA DISE)",
        "source_url": "http://bhubaneswarone.in/arcgis/rest/services/BhubaneswarOne/Category/MapServer/22/query?where=1%3D1&outFields=*&f=geojson",
        "retrieved_at": "2026-09-07T19:10:56.976Z"
      },
      "geometry": {
        "type": "Point",
        "coordinates": [
          85.84873699997756,
          20.265885999731374
        ]
      }
    },
    {
      "type": "Feature",
      "id": "fac_school_21171302381",
      "properties": {
        "id": "fac_school_21171302381",
        "name": "Divine Public School (Odia Medium)",
        "facility_type": "SCHOOL",
        "category_detail": "Primary with Upper Primary",
        "management": "Pvt. Unaided",
        "address": "Jharapada, Bhubaneswar, Odisha 751006",
        "latitude": 20.274895999959384,
        "longitude": 85.8585989996446,
        "source_type": "REAL",
        "source_name": "BhubaneswarOne GIS (Category MapServer/22 - School OPEPA DISE)",
        "source_url": "http://bhubaneswarone.in/arcgis/rest/services/BhubaneswarOne/Category/MapServer/22/query?where=1%3D1&outFields=*&f=geojson",
        "retrieved_at": "2026-09-07T19:10:56.976Z"
      },
      "geometry": {
        "type": "Point",
        "coordinates": [
          85.8585989996446,
          20.274895999959384
        ]
      }
    },
    {
      "type": "Feature",
      "id": "fac_school_21171302401",
      "properties": {
        "id": "fac_school_21171302401",
        "name": "Station Bazar U G U P S",
        "facility_type": "SCHOOL",
        "category_detail": "Primary with Upper Primary",
        "management": "Department of Education",
        "address": "Budheswari Colony,Bbsr-751006",
        "latitude": 20.266586999558236,
        "longitude": 85.84576599966236,
        "source_type": "REAL",
        "source_name": "BhubaneswarOne GIS (Category MapServer/22 - School OPEPA DISE)",
        "source_url": "http://bhubaneswarone.in/arcgis/rest/services/BhubaneswarOne/Category/MapServer/22/query?where=1%3D1&outFields=*&f=geojson",
        "retrieved_at": "2026-09-07T19:10:56.976Z"
      },
      "geometry": {
        "type": "Point",
        "coordinates": [
          85.84576599966236,
          20.266586999558236
        ]
      }
    },
    {
      "type": "Feature",
      "id": "fac_school_21171302404",
      "properties": {
        "id": "fac_school_21171302404",
        "name": "Chintamaniswar Girls U P S, H.S",
        "facility_type": "SCHOOL",
        "category_detail": "Upper Primary only",
        "management": "Pvt. Aided",
        "address": "Chintamaniswar Rd, Chintamaniswar, Bhubaneswar, Odisha 751006",
        "latitude": 20.26134100038762,
        "longitude": 85.84573699975877,
        "source_type": "REAL",
        "source_name": "BhubaneswarOne GIS (Category MapServer/22 - School OPEPA DISE)",
        "source_url": "http://bhubaneswarone.in/arcgis/rest/services/BhubaneswarOne/Category/MapServer/22/query?where=1%3D1&outFields=*&f=geojson",
        "retrieved_at": "2026-09-07T19:10:56.976Z"
      },
      "geometry": {
        "type": "Point",
        "coordinates": [
          85.84573699975877,
          20.26134100038762
        ]
      }
    },
    {
      "type": "Feature",
      "id": "fac_school_21171302472",
      "properties": {
        "id": "fac_school_21171302472",
        "name": "Swamijee Public School",
        "facility_type": "SCHOOL",
        "category_detail": "Primary with Upper Primary",
        "management": "Un-Recognised",
        "address": "Saraswati Tower, Laxmi Sagar, Bhubaneswar, Odisha 751006",
        "latitude": 20.27022999984628,
        "longitude": 85.84959100021347,
        "source_type": "REAL",
        "source_name": "BhubaneswarOne GIS (Category MapServer/22 - School OPEPA DISE)",
        "source_url": "http://bhubaneswarone.in/arcgis/rest/services/BhubaneswarOne/Category/MapServer/22/query?where=1%3D1&outFields=*&f=geojson",
        "retrieved_at": "2026-09-07T19:10:56.976Z"
      },
      "geometry": {
        "type": "Point",
        "coordinates": [
          85.84959100021347,
          20.27022999984628
        ]
      }
    },
    {
      "type": "Feature",
      "id": "fac_school_21171302474",
      "properties": {
        "id": "fac_school_21171302474",
        "name": "Santanu Ems, Chintamaniswar",
        "facility_type": "SCHOOL",
        "category_detail": "Pr. Up Pr. and Secondary Only",
        "management": "Un-Recognised",
        "address": "Cuttack Rd, Chintamanishwar Area, Bhubaneswar, 751006",
        "latitude": 20.262682999742502,
        "longitude": 85.84614600004828,
        "source_type": "REAL",
        "source_name": "BhubaneswarOne GIS (Category MapServer/22 - School OPEPA DISE)",
        "source_url": "http://bhubaneswarone.in/arcgis/rest/services/BhubaneswarOne/Category/MapServer/22/query?where=1%3D1&outFields=*&f=geojson",
        "retrieved_at": "2026-09-07T19:10:56.976Z"
      },
      "geometry": {
        "type": "Point",
        "coordinates": [
          85.84614600004828,
          20.262682999742502
        ]
      }
    },
    {
      "type": "Feature",
      "id": "fac_school_21171302476",
      "properties": {
        "id": "fac_school_21171302476",
        "name": "St.Xavier H.S. Santoshivihar, Laxmisagar",
        "facility_type": "SCHOOL",
        "category_detail": "Primary",
        "management": "Un-Recognised",
        "address": "Plot No . : 252/2088, Santosh Vihar, Laxmi Sagar Canal Road, Laxmi Sagar, Bhubaneswar, Odisha 751006",
        "latitude": 20.266723999677833,
        "longitude": 85.85971899983554,
        "source_type": "REAL",
        "source_name": "BhubaneswarOne GIS (Category MapServer/22 - School OPEPA DISE)",
        "source_url": "http://bhubaneswarone.in/arcgis/rest/services/BhubaneswarOne/Category/MapServer/22/query?where=1%3D1&outFields=*&f=geojson",
        "retrieved_at": "2026-09-07T19:10:56.976Z"
      },
      "geometry": {
        "type": "Point",
        "coordinates": [
          85.85971899983554,
          20.266723999677833
        ]
      }
    },
    {
      "type": "Feature",
      "id": "fac_school_21171302501",
      "properties": {
        "id": "fac_school_21171302501",
        "name": "N.A.C.Colony P S",
        "facility_type": "SCHOOL",
        "category_detail": "Primary",
        "management": "Department of Education",
        "address": "ofdc Colony, Master Canteen Area, Kharabela Nagar, Bhubaneswar, Odisha 751001",
        "latitude": 20.271296999725536,
        "longitude": 85.84417200045353,
        "source_type": "REAL",
        "source_name": "BhubaneswarOne GIS (Category MapServer/22 - School OPEPA DISE)",
        "source_url": "http://bhubaneswarone.in/arcgis/rest/services/BhubaneswarOne/Category/MapServer/22/query?where=1%3D1&outFields=*&f=geojson",
        "retrieved_at": "2026-09-07T19:10:56.976Z"
      },
      "geometry": {
        "type": "Point",
        "coordinates": [
          85.84417200045353,
          20.271296999725536
        ]
      }
    },
    {
      "type": "Feature",
      "id": "fac_school_21171302551",
      "properties": {
        "id": "fac_school_21171302551",
        "name": "Sri Satyasai H S, P S",
        "facility_type": "SCHOOL",
        "category_detail": "Upper Pr. and Secondary",
        "management": "Pvt. Aided",
        "address": "Ekamra Vihar, Kharabela Nagar, Bhubaneswar, Odisha 751001",
        "latitude": 20.27601300043729,
        "longitude": 85.83991600019671,
        "source_type": "REAL",
        "source_name": "BhubaneswarOne GIS (Category MapServer/22 - School OPEPA DISE)",
        "source_url": "http://bhubaneswarone.in/arcgis/rest/services/BhubaneswarOne/Category/MapServer/22/query?where=1%3D1&outFields=*&f=geojson",
        "retrieved_at": "2026-09-07T19:10:56.976Z"
      },
      "geometry": {
        "type": "Point",
        "coordinates": [
          85.83991600019671,
          20.27601300043729
        ]
      }
    },
    {
      "type": "Feature",
      "id": "fac_school_21171302552",
      "properties": {
        "id": "fac_school_21171302552",
        "name": "Hi-Tech Public School",
        "facility_type": "SCHOOL",
        "category_detail": "Primary with Upper Primary",
        "management": "Pvt. Unaided",
        "address": "Pandra, Bhubaneswar, Odisha 751007",
        "latitude": 20.30353100008739,
        "longitude": 85.87859500019216,
        "source_type": "REAL",
        "source_name": "BhubaneswarOne GIS (Category MapServer/22 - School OPEPA DISE)",
        "source_url": "http://bhubaneswarone.in/arcgis/rest/services/BhubaneswarOne/Category/MapServer/22/query?where=1%3D1&outFields=*&f=geojson",
        "retrieved_at": "2026-09-07T19:10:56.976Z"
      },
      "geometry": {
        "type": "Point",
        "coordinates": [
          85.87859500019216,
          20.30353100008739
        ]
      }
    },
    {
      "type": "Feature",
      "id": "fac_school_21171302601",
      "properties": {
        "id": "fac_school_21171302601",
        "name": "Satya Nagar Project U P S",
        "facility_type": "SCHOOL",
        "category_detail": "Primary with Upper Primary",
        "management": "Department of Education",
        "address": "Toshali Plaza, Satya Nagar, Bhubaneswar, Odisha 751007",
        "latitude": 20.280909000244584,
        "longitude": 85.84966299983954,
        "source_type": "REAL",
        "source_name": "BhubaneswarOne GIS (Category MapServer/22 - School OPEPA DISE)",
        "source_url": "http://bhubaneswarone.in/arcgis/rest/services/BhubaneswarOne/Category/MapServer/22/query?where=1%3D1&outFields=*&f=geojson",
        "retrieved_at": "2026-09-07T19:10:56.976Z"
      },
      "geometry": {
        "type": "Point",
        "coordinates": [
          85.84966299983954,
          20.280909000244584
        ]
      }
    },
    {
      "type": "Feature",
      "id": "fac_school_21171302602",
      "properties": {
        "id": "fac_school_21171302602",
        "name": "Text Book Press U G U P S",
        "facility_type": "SCHOOL",
        "category_detail": "Primary with Upper Primary",
        "management": "Department of Education",
        "address": "Railway Yard And Washing Line, Kharabela Nagar, Bhubaneswar, Odisha ",
        "latitude": 20.27440499993024,
        "longitude": 85.84622599968525,
        "source_type": "REAL",
        "source_name": "BhubaneswarOne GIS (Category MapServer/22 - School OPEPA DISE)",
        "source_url": "http://bhubaneswarone.in/arcgis/rest/services/BhubaneswarOne/Category/MapServer/22/query?where=1%3D1&outFields=*&f=geojson",
        "retrieved_at": "2026-09-07T19:10:56.976Z"
      },
      "geometry": {
        "type": "Point",
        "coordinates": [
          85.84622599968525,
          20.27440499993024
        ]
      }
    },
    {
      "type": "Feature",
      "id": "fac_school_21171302651",
      "properties": {
        "id": "fac_school_21171302651",
        "name": "St. Xavier H.S. Satya Nagar",
        "facility_type": "SCHOOL",
        "category_detail": "Primary with Upper Primary",
        "management": "Pvt. Unaided",
        "address": "110, Near Maa Kali Temple, Satya Nagar, Bhubaneswar, Odisha 751007",
        "latitude": 20.281399000192756,
        "longitude": 85.8468759999072,
        "source_type": "REAL",
        "source_name": "BhubaneswarOne GIS (Category MapServer/22 - School OPEPA DISE)",
        "source_url": "http://bhubaneswarone.in/arcgis/rest/services/BhubaneswarOne/Category/MapServer/22/query?where=1%3D1&outFields=*&f=geojson",
        "retrieved_at": "2026-09-07T19:10:56.976Z"
      },
      "geometry": {
        "type": "Point",
        "coordinates": [
          85.8468759999072,
          20.281399000192756
        ]
      }
    },
    {
      "type": "Feature",
      "id": "fac_school_21171302652",
      "properties": {
        "id": "fac_school_21171302652",
        "name": "Bal Mandir, Satya Nagar",
        "facility_type": "SCHOOL",
        "category_detail": "Primary",
        "management": "Pvt. Unaided",
        "address": "Punjabi Colony, Satya Nagar, Bhubaneswar, Odisha",
        "latitude": 20.28091399984249,
        "longitude": 85.8528580001138,
        "source_type": "REAL",
        "source_name": "BhubaneswarOne GIS (Category MapServer/22 - School OPEPA DISE)",
        "source_url": "http://bhubaneswarone.in/arcgis/rest/services/BhubaneswarOne/Category/MapServer/22/query?where=1%3D1&outFields=*&f=geojson",
        "retrieved_at": "2026-09-07T19:10:56.976Z"
      },
      "geometry": {
        "type": "Point",
        "coordinates": [
          85.8528580001138,
          20.28091399984249
        ]
      }
    },
    {
      "type": "Feature",
      "id": "fac_school_21171302671",
      "properties": {
        "id": "fac_school_21171302671",
        "name": "Khelaghar P S",
        "facility_type": "SCHOOL",
        "category_detail": "Primary",
        "management": "Un-Recognised",
        "address": "Satya Nagar, Bhubaneswar, Odisha 751007",
        "latitude": 20.28159200016672,
        "longitude": 85.8452099995675,
        "source_type": "REAL",
        "source_name": "BhubaneswarOne GIS (Category MapServer/22 - School OPEPA DISE)",
        "source_url": "http://bhubaneswarone.in/arcgis/rest/services/BhubaneswarOne/Category/MapServer/22/query?where=1%3D1&outFields=*&f=geojson",
        "retrieved_at": "2026-09-07T19:10:56.976Z"
      },
      "geometry": {
        "type": "Point",
        "coordinates": [
          85.8452099995675,
          20.28159200016672
        ]
      }
    },
    {
      "type": "Feature",
      "id": "fac_school_21171312401",
      "properties": {
        "id": "fac_school_21171312401",
        "name": "Text Book Press Colony H.S.",
        "facility_type": "SCHOOL",
        "category_detail": "Upper Pr. and Secondary",
        "management": "Department of Education",
        "address": "Unit-3, S.T. Road, Kharabela Nagar, Railway Yard And Washing Line, Kharabela Nagar, Bhubaneswar, Odisha 751001",
        "latitude": 20.274110000364807,
        "longitude": 85.84648900028174,
        "source_type": "REAL",
        "source_name": "BhubaneswarOne GIS (Category MapServer/22 - School OPEPA DISE)",
        "source_url": "http://bhubaneswarone.in/arcgis/rest/services/BhubaneswarOne/Category/MapServer/22/query?where=1%3D1&outFields=*&f=geojson",
        "retrieved_at": "2026-09-07T19:10:56.976Z"
      },
      "geometry": {
        "type": "Point",
        "coordinates": [
          85.84648900028174,
          20.274110000364807
        ]
      }
    },
    {
      "type": "Feature",
      "id": "fac_school_21171302771",
      "properties": {
        "id": "fac_school_21171302771",
        "name": "Gurunanak Pub. Sch.",
        "facility_type": "SCHOOL",
        "category_detail": "Primary with Upper Primary",
        "management": "Un-Recognised",
        "address": "Janpath, Unit 3, Kharabela Nagar, Bhubaneswar, Odisha 751001",
        "latitude": 20.274086000085756,
        "longitude": 85.84197999987262,
        "source_type": "REAL",
        "source_name": "BhubaneswarOne GIS (Category MapServer/22 - School OPEPA DISE)",
        "source_url": "http://bhubaneswarone.in/arcgis/rest/services/BhubaneswarOne/Category/MapServer/22/query?where=1%3D1&outFields=*&f=geojson",
        "retrieved_at": "2026-09-07T19:10:56.976Z"
      },
      "geometry": {
        "type": "Point",
        "coordinates": [
          85.84197999987262,
          20.274086000085756
        ]
      }
    },
    {
      "type": "Feature",
      "id": "fac_school_21171302774",
      "properties": {
        "id": "fac_school_21171302774",
        "name": "Saraswti Sishumandir Unit-3",
        "facility_type": "SCHOOL",
        "category_detail": "Pr. Up Pr. and Secondary Only",
        "management": "Un-Recognised",
        "address": "3Rd St, Kharabela Nagar, Bhubaneswar, Odisha 751001",
        "latitude": 20.27313499961696,
        "longitude": 85.83577599958224,
        "source_type": "REAL",
        "source_name": "BhubaneswarOne GIS (Category MapServer/22 - School OPEPA DISE)",
        "source_url": "http://bhubaneswarone.in/arcgis/rest/services/BhubaneswarOne/Category/MapServer/22/query?where=1%3D1&outFields=*&f=geojson",
        "retrieved_at": "2026-09-07T19:10:56.976Z"
      },
      "geometry": {
        "type": "Point",
        "coordinates": [
          85.83577599958224,
          20.27313499961696
        ]
      }
    },
    {
      "type": "Feature",
      "id": "fac_school_21171302903",
      "properties": {
        "id": "fac_school_21171302903",
        "name": "Govt. Boys High Sch, Unit 8",
        "facility_type": "SCHOOL",
        "category_detail": "Upper Pr. and Secondary",
        "management": "Department of Education",
        "address": "Unit 8,, Gopabandhu Nagar, Bhubaneswar, Odisha 751012",
        "latitude": 20.273485999559373,
        "longitude": 85.80521499974084,
        "source_type": "REAL",
        "source_name": "BhubaneswarOne GIS (Category MapServer/22 - School OPEPA DISE)",
        "source_url": "http://bhubaneswarone.in/arcgis/rest/services/BhubaneswarOne/Category/MapServer/22/query?where=1%3D1&outFields=*&f=geojson",
        "retrieved_at": "2026-09-07T19:10:56.976Z"
      },
      "geometry": {
        "type": "Point",
        "coordinates": [
          85.80521499974084,
          20.273485999559373
        ]
      }
    },
    {
      "type": "Feature",
      "id": "fac_school_21171302904",
      "properties": {
        "id": "fac_school_21171302904",
        "name": "Power House Colony Govt U P S",
        "facility_type": "SCHOOL",
        "category_detail": "Upper Pr. and Secondary",
        "management": "Department of Education",
        "address": "Power House Sqare, Unit-8,Bhubaneswar, Odisha , 751012",
        "latitude": 20.2737719997698,
        "longitude": 85.82429700027099,
        "source_type": "REAL",
        "source_name": "BhubaneswarOne GIS (Category MapServer/22 - School OPEPA DISE)",
        "source_url": "http://bhubaneswarone.in/arcgis/rest/services/BhubaneswarOne/Category/MapServer/22/query?where=1%3D1&outFields=*&f=geojson",
        "retrieved_at": "2026-09-07T19:10:56.976Z"
      },
      "geometry": {
        "type": "Point",
        "coordinates": [
          85.82429700027099,
          20.2737719997698
        ]
      }
    },
    {
      "type": "Feature",
      "id": "fac_school_21171302971",
      "properties": {
        "id": "fac_school_21171302971",
        "name": "Maharishi Vidya Mandir, Delta Area",
        "facility_type": "SCHOOL",
        "category_detail": "Primary with Upper Primary",
        "management": "Un-Recognised",
        "address": "Plot Number 1417, Delta Colony, Near Delta Square, Azad Marg, Unit Viii, Soubhagya Nagar, Baramunda, Bhubaneswar, Odisha 751003",
        "latitude": 20.274484000326165,
        "longitude": 85.80411000009458,
        "source_type": "REAL",
        "source_name": "BhubaneswarOne GIS (Category MapServer/22 - School OPEPA DISE)",
        "source_url": "http://bhubaneswarone.in/arcgis/rest/services/BhubaneswarOne/Category/MapServer/22/query?where=1%3D1&outFields=*&f=geojson",
        "retrieved_at": "2026-09-07T19:10:56.976Z"
      },
      "geometry": {
        "type": "Point",
        "coordinates": [
          85.80411000009458,
          20.274484000326165
        ]
      }
    },
    {
      "type": "Feature",
      "id": "fac_school_21171302973",
      "properties": {
        "id": "fac_school_21171302973",
        "name": "Kendriya Vidyalay No-6",
        "facility_type": "SCHOOL",
        "category_detail": "Primary with Upper Primary",
        "management": "Central Govt.",
        "address": "Pokhariput, At Jagamara Primary Nodal U.P.School Campus, Khandagiri, Bhubaneswar, Odisha 751030",
        "latitude": 20.25682699958983,
        "longitude": 85.7956780004657,
        "source_type": "REAL",
        "source_name": "BhubaneswarOne GIS (Category MapServer/22 - School OPEPA DISE)",
        "source_url": "http://bhubaneswarone.in/arcgis/rest/services/BhubaneswarOne/Category/MapServer/22/query?where=1%3D1&outFields=*&f=geojson",
        "retrieved_at": "2026-09-07T19:10:56.976Z"
      },
      "geometry": {
        "type": "Point",
        "coordinates": [
          85.7956780004657,
          20.25682699958983
        ]
      }
    },
    {
      "type": "Feature",
      "id": "fac_school_21171303051",
      "properties": {
        "id": "fac_school_21171303051",
        "name": "Saraswati Sishu Mandir, Unit - 8",
        "facility_type": "SCHOOL",
        "category_detail": "Pr. Up Pr. and Secondary Only",
        "management": "Pvt. Unaided",
        "address": "Saraswati Sishu Vidya Mandir Unit-8, Bhubaneswar, Odisha 751012",
        "latitude": 20.27659999983699,
        "longitude": 85.81150999981469,
        "source_type": "REAL",
        "source_name": "BhubaneswarOne GIS (Category MapServer/22 - School OPEPA DISE)",
        "source_url": "http://bhubaneswarone.in/arcgis/rest/services/BhubaneswarOne/Category/MapServer/22/query?where=1%3D1&outFields=*&f=geojson",
        "retrieved_at": "2026-09-07T19:10:56.976Z"
      },
      "geometry": {
        "type": "Point",
        "coordinates": [
          85.81150999981469,
          20.27659999983699
        ]
      }
    },
    {
      "type": "Feature",
      "id": "fac_school_21171303102",
      "properties": {
        "id": "fac_school_21171303102",
        "name": "Khandagiri U P S",
        "facility_type": "SCHOOL",
        "category_detail": "Primary with Upper Primary",
        "management": "Department of Education",
        "address": "175, Jagamara-Baramunda Road, Dharam Vihar, Jagamara, Bhubaneswar, Odisha",
        "latitude": 20.25735100043755,
        "longitude": 85.79581800043832,
        "source_type": "REAL",
        "source_name": "BhubaneswarOne GIS (Category MapServer/22 - School OPEPA DISE)",
        "source_url": "http://bhubaneswarone.in/arcgis/rest/services/BhubaneswarOne/Category/MapServer/22/query?where=1%3D1&outFields=*&f=geojson",
        "retrieved_at": "2026-09-07T19:10:56.976Z"
      },
      "geometry": {
        "type": "Point",
        "coordinates": [
          85.79581800043832,
          20.25735100043755
        ]
      }
    },
    {
      "type": "Feature",
      "id": "fac_school_21171303171",
      "properties": {
        "id": "fac_school_21171303171",
        "name": "Saraswati Sishu Mandir, Dharma Vihar",
        "facility_type": "SCHOOL",
        "category_detail": "Pr. Up Pr. and Secondary Only",
        "management": "Un-Recognised",
        "address": "Back Side of Survey of India, Jagamara, Bhubaneswar, Odisha",
        "latitude": 20.263475999777746,
        "longitude": 85.794124999762,
        "source_type": "REAL",
        "source_name": "BhubaneswarOne GIS (Category MapServer/22 - School OPEPA DISE)",
        "source_url": "http://bhubaneswarone.in/arcgis/rest/services/BhubaneswarOne/Category/MapServer/22/query?where=1%3D1&outFields=*&f=geojson",
        "retrieved_at": "2026-09-07T19:10:56.976Z"
      },
      "geometry": {
        "type": "Point",
        "coordinates": [
          85.794124999762,
          20.263475999777746
        ]
      }
    },
    {
      "type": "Feature",
      "id": "fac_school_21171303172",
      "properties": {
        "id": "fac_school_21171303172",
        "name": "Vivekananda Shiksha Kendra, Jagamar",
        "facility_type": "SCHOOL",
        "category_detail": "Primary with Upper Primary",
        "management": "Un-Recognised",
        "address": "367(P), Khandagiri Marg, Jagamara, Bhubaneswar, Odisha 751030",
        "latitude": 20.258320999820143,
        "longitude": 85.78962199968949,
        "source_type": "REAL",
        "source_name": "BhubaneswarOne GIS (Category MapServer/22 - School OPEPA DISE)",
        "source_url": "http://bhubaneswarone.in/arcgis/rest/services/BhubaneswarOne/Category/MapServer/22/query?where=1%3D1&outFields=*&f=geojson",
        "retrieved_at": "2026-09-07T19:10:56.976Z"
      },
      "geometry": {
        "type": "Point",
        "coordinates": [
          85.78962199968949,
          20.258320999820143
        ]
      }
    },
    {
      "type": "Feature",
      "id": "fac_school_21171303174",
      "properties": {
        "id": "fac_school_21171303174",
        "name": "B.M.E.M School, Khandagiri",
        "facility_type": "SCHOOL",
        "category_detail": "Primary",
        "management": "Un-Recognised",
        "address": "367(P), Khandagiri Marg, Jagamara, Bhubaneswar, Odisha 751030",
        "latitude": 20.256509000446687,
        "longitude": 85.79587300011613,
        "source_type": "REAL",
        "source_name": "BhubaneswarOne GIS (Category MapServer/22 - School OPEPA DISE)",
        "source_url": "http://bhubaneswarone.in/arcgis/rest/services/BhubaneswarOne/Category/MapServer/22/query?where=1%3D1&outFields=*&f=geojson",
        "retrieved_at": "2026-09-07T19:10:56.976Z"
      },
      "geometry": {
        "type": "Point",
        "coordinates": [
          85.79587300011613,
          20.256509000446687
        ]
      }
    },
    {
      "type": "Feature",
      "id": "fac_school_21171303401",
      "properties": {
        "id": "fac_school_21171303401",
        "name": "Aerodrome Colony U G U P S",
        "facility_type": "SCHOOL",
        "category_detail": "Primary with Upper Primary",
        "management": "Department of Education",
        "address": "2nd Street, New Bapuji Nagar\nBhubaneswar, Odisha 751020",
        "latitude": 20.251289999995777,
        "longitude": 85.82622900038241,
        "source_type": "REAL",
        "source_name": "BhubaneswarOne GIS (Category MapServer/22 - School OPEPA DISE)",
        "source_url": "http://bhubaneswarone.in/arcgis/rest/services/BhubaneswarOne/Category/MapServer/22/query?where=1%3D1&outFields=*&f=geojson",
        "retrieved_at": "2026-09-07T19:10:56.976Z"
      },
      "geometry": {
        "type": "Point",
        "coordinates": [
          85.82622900038241,
          20.251289999995777
        ]
      }
    },
    {
      "type": "Feature",
      "id": "fac_school_21171303402",
      "properties": {
        "id": "fac_school_21171303402",
        "name": "Bhimpur P S",
        "facility_type": "SCHOOL",
        "category_detail": "Primary",
        "management": "Department of Education",
        "address": "Airport New Road\nBhubaneswar, Odisha",
        "latitude": 20.255202000244953,
        "longitude": 85.82180400026901,
        "source_type": "REAL",
        "source_name": "BhubaneswarOne GIS (Category MapServer/22 - School OPEPA DISE)",
        "source_url": "http://bhubaneswarone.in/arcgis/rest/services/BhubaneswarOne/Category/MapServer/22/query?where=1%3D1&outFields=*&f=geojson",
        "retrieved_at": "2026-09-07T19:10:56.976Z"
      },
      "geometry": {
        "type": "Point",
        "coordinates": [
          85.82180400026901,
          20.255202000244953
        ]
      }
    },
    {
      "type": "Feature",
      "id": "fac_school_21171303476",
      "properties": {
        "id": "fac_school_21171303476",
        "name": "V.S.K Bhimpur",
        "facility_type": "SCHOOL",
        "category_detail": "Primary with Upper Primary",
        "management": "Un-Recognised",
        "address": "Plot No-750, Ekamra Road, Near Forest Park, Bhubaneswar",
        "latitude": 20.25698800011755,
        "longitude": 85.82011300018489,
        "source_type": "REAL",
        "source_name": "BhubaneswarOne GIS (Category MapServer/22 - School OPEPA DISE)",
        "source_url": "http://bhubaneswarone.in/arcgis/rest/services/BhubaneswarOne/Category/MapServer/22/query?where=1%3D1&outFields=*&f=geojson",
        "retrieved_at": "2026-09-07T19:10:56.976Z"
      },
      "geometry": {
        "type": "Point",
        "coordinates": [
          85.82011300018489,
          20.25698800011755
        ]
      }
    },
    {
      "type": "Feature",
      "id": "fac_school_21171303501",
      "properties": {
        "id": "fac_school_21171303501",
        "name": "Capital Govt. P.S, Unit - 6",
        "facility_type": "SCHOOL",
        "category_detail": "Primary",
        "management": "Department of Education",
        "address": "Capital Govt Primary  School Ganga Nagar Unit-6  Bhubaneswar Odisha 751001",
        "latitude": 20.26310399959977,
        "longitude": 85.82030300017905,
        "source_type": "REAL",
        "source_name": "BhubaneswarOne GIS (Category MapServer/22 - School OPEPA DISE)",
        "source_url": "http://bhubaneswarone.in/arcgis/rest/services/BhubaneswarOne/Category/MapServer/22/query?where=1%3D1&outFields=*&f=geojson",
        "retrieved_at": "2026-09-07T19:10:56.976Z"
      },
      "geometry": {
        "type": "Point",
        "coordinates": [
          85.82030300017905,
          20.26310399959977
        ]
      }
    },
    {
      "type": "Feature",
      "id": "fac_school_21171303503",
      "properties": {
        "id": "fac_school_21171303503",
        "name": "Govt. Boys H S, Unit-6",
        "facility_type": "SCHOOL",
        "category_detail": "Upper Pr. and Secondary",
        "management": "Department of Education",
        "address": "Autopsy Rd, Unit 6, Ganga Nagar, Bhubaneswar, Odisha 751025",
        "latitude": 20.262187999614856,
        "longitude": 85.82015100036334,
        "source_type": "REAL",
        "source_name": "BhubaneswarOne GIS (Category MapServer/22 - School OPEPA DISE)",
        "source_url": "http://bhubaneswarone.in/arcgis/rest/services/BhubaneswarOne/Category/MapServer/22/query?where=1%3D1&outFields=*&f=geojson",
        "retrieved_at": "2026-09-07T19:10:56.976Z"
      },
      "geometry": {
        "type": "Point",
        "coordinates": [
          85.82015100036334,
          20.262187999614856
        ]
      }
    },
    {
      "type": "Feature",
      "id": "fac_school_21171303504",
      "properties": {
        "id": "fac_school_21171303504",
        "name": "Govt. Girls H S, Unit-6",
        "facility_type": "SCHOOL",
        "category_detail": "Upper Pr. and Secondary",
        "management": "Department of Education",
        "address": "Near Bana Durga Temple, Unit 6, Bhubaneswar, Odisha 751001",
        "latitude": 20.263961999584154,
        "longitude": 85.81843399962982,
        "source_type": "REAL",
        "source_name": "BhubaneswarOne GIS (Category MapServer/22 - School OPEPA DISE)",
        "source_url": "http://bhubaneswarone.in/arcgis/rest/services/BhubaneswarOne/Category/MapServer/22/query?where=1%3D1&outFields=*&f=geojson",
        "retrieved_at": "2026-09-07T19:10:56.976Z"
      },
      "geometry": {
        "type": "Point",
        "coordinates": [
          85.81843399962982,
          20.263961999584154
        ]
      }
    },
    {
      "type": "Feature",
      "id": "fac_school_21171303551",
      "properties": {
        "id": "fac_school_21171303551",
        "name": "Ruchika H.S. Unit 6",
        "facility_type": "SCHOOL",
        "category_detail": "Pr. Up Pr. and Secondary Only",
        "management": "Pvt. Unaided",
        "address": "G-6 Ganga Nagar, Unit Vi, Unit 6, Ganga Nagar, Bhubaneswar, Odisha 751001",
        "latitude": 20.263170000170316,
        "longitude": 85.81969599993577,
        "source_type": "REAL",
        "source_name": "BhubaneswarOne GIS (Category MapServer/22 - School OPEPA DISE)",
        "source_url": "http://bhubaneswarone.in/arcgis/rest/services/BhubaneswarOne/Category/MapServer/22/query?where=1%3D1&outFields=*&f=geojson",
        "retrieved_at": "2026-09-07T19:10:56.976Z"
      },
      "geometry": {
        "type": "Point",
        "coordinates": [
          85.81969599993577,
          20.263170000170316
        ]
      }
    },
    {
      "type": "Feature",
      "id": "fac_school_21171303574",
      "properties": {
        "id": "fac_school_21171303574",
        "name": "Labakusha Vidyamandir, Unit-6",
        "facility_type": "SCHOOL",
        "category_detail": "Primary with Upper Primary",
        "management": "Pvt. Unaided",
        "address": "Lavakusha Vidya Mandir   Unit-6  Bhubaneswar Odisha 751001",
        "latitude": 20.26529699966093,
        "longitude": 85.81953199981564,
        "source_type": "REAL",
        "source_name": "BhubaneswarOne GIS (Category MapServer/22 - School OPEPA DISE)",
        "source_url": "http://bhubaneswarone.in/arcgis/rest/services/BhubaneswarOne/Category/MapServer/22/query?where=1%3D1&outFields=*&f=geojson",
        "retrieved_at": "2026-09-07T19:10:56.976Z"
      },
      "geometry": {
        "type": "Point",
        "coordinates": [
          85.81953199981564,
          20.26529699966093
        ]
      }
    },
    {
      "type": "Feature",
      "id": "fac_school_21171303601",
      "properties": {
        "id": "fac_school_21171303601",
        "name": "Bapuji Nagar U G U P S",
        "facility_type": "SCHOOL",
        "category_detail": "Primary with Upper Primary",
        "management": "Department of Education",
        "address": "Near State Bank of India, 8Th Lane, Bapuji Nagar, Bhubaneswar, Odisha 751009",
        "latitude": 20.25790900022907,
        "longitude": 85.83560100015802,
        "source_type": "REAL",
        "source_name": "BhubaneswarOne GIS (Category MapServer/22 - School OPEPA DISE)",
        "source_url": "http://bhubaneswarone.in/arcgis/rest/services/BhubaneswarOne/Category/MapServer/22/query?where=1%3D1&outFields=*&f=geojson",
        "retrieved_at": "2026-09-07T19:10:56.976Z"
      },
      "geometry": {
        "type": "Point",
        "coordinates": [
          85.83560100015802,
          20.25790900022907
        ]
      }
    },
    {
      "type": "Feature",
      "id": "fac_school_21171303602",
      "properties": {
        "id": "fac_school_21171303602",
        "name": "Capital Govt. P.S, Unit - 1",
        "facility_type": "SCHOOL",
        "category_detail": "Primary",
        "management": "Department of Education",
        "address": "Infront of Kamala Neheru Collage, Unit-1 Main Street, Unit 1 Bhubaneswar, Odisha 751009",
        "latitude": 20.26002600004644,
        "longitude": 85.82961800000727,
        "source_type": "REAL",
        "source_name": "BhubaneswarOne GIS (Category MapServer/22 - School OPEPA DISE)",
        "source_url": "http://bhubaneswarone.in/arcgis/rest/services/BhubaneswarOne/Category/MapServer/22/query?where=1%3D1&outFields=*&f=geojson",
        "retrieved_at": "2026-09-07T19:10:56.976Z"
      },
      "geometry": {
        "type": "Point",
        "coordinates": [
          85.82961800000727,
          20.26002600004644
        ]
      }
    },
    {
      "type": "Feature",
      "id": "fac_school_21171303603",
      "properties": {
        "id": "fac_school_21171303603",
        "name": "Govt. Girls H S, Unit-1",
        "facility_type": "SCHOOL",
        "category_detail": "Upper Pr. and Secondary",
        "management": "Department of Education",
        "address": "Near Police Station, Unit 1, Bapuji Nagar, Bhubaneswar, Odisha 751009",
        "latitude": 20.260336000009463,
        "longitude": 85.83194500044843,
        "source_type": "REAL",
        "source_name": "BhubaneswarOne GIS (Category MapServer/22 - School OPEPA DISE)",
        "source_url": "http://bhubaneswarone.in/arcgis/rest/services/BhubaneswarOne/Category/MapServer/22/query?where=1%3D1&outFields=*&f=geojson",
        "retrieved_at": "2026-09-07T19:10:56.976Z"
      },
      "geometry": {
        "type": "Point",
        "coordinates": [
          85.83194500044843,
          20.260336000009463
        ]
      }
    },
    {
      "type": "Feature",
      "id": "fac_school_21171303604",
      "properties": {
        "id": "fac_school_21171303604",
        "name": "Govt. H S, Unit-1",
        "facility_type": "SCHOOL",
        "category_detail": "Upper Pr. and Secondary",
        "management": "Department of Education",
        "address": "School St, Unit 1, Bapuji Nagar, Bhubaneswar, Odisha 751009",
        "latitude": 20.26003999977865,
        "longitude": 85.83077999955212,
        "source_type": "REAL",
        "source_name": "BhubaneswarOne GIS (Category MapServer/22 - School OPEPA DISE)",
        "source_url": "http://bhubaneswarone.in/arcgis/rest/services/BhubaneswarOne/Category/MapServer/22/query?where=1%3D1&outFields=*&f=geojson",
        "retrieved_at": "2026-09-07T19:10:56.976Z"
      },
      "geometry": {
        "type": "Point",
        "coordinates": [
          85.83077999955212,
          20.26003999977865
        ]
      }
    },
    {
      "type": "Feature",
      "id": "fac_school_21171305303",
      "properties": {
        "id": "fac_school_21171305303",
        "name": "Kedarapally P S",
        "facility_type": "SCHOOL",
        "category_detail": "Primary",
        "management": "Department of Education",
        "address": "Near Sishu Bhawan Chaka, Bapuji Nagar, Bhubaneswar, Odisha",
        "latitude": 20.254728000108628,
        "longitude": 85.83267499971194,
        "source_type": "REAL",
        "source_name": "BhubaneswarOne GIS (Category MapServer/22 - School OPEPA DISE)",
        "source_url": "http://bhubaneswarone.in/arcgis/rest/services/BhubaneswarOne/Category/MapServer/22/query?where=1%3D1&outFields=*&f=geojson",
        "retrieved_at": "2026-09-07T19:10:56.976Z"
      },
      "geometry": {
        "type": "Point",
        "coordinates": [
          85.83267499971194,
          20.254728000108628
        ]
      }
    },
    {
      "type": "Feature",
      "id": "fac_school_21171303652",
      "properties": {
        "id": "fac_school_21171303652",
        "name": "Mother Public School, Unit - 1",
        "facility_type": "SCHOOL",
        "category_detail": "Pr. with Up.Pr. sec. and H.Sec.",
        "management": "Pvt. Unaided",
        "address": "Unit 1, School Street, Bapuji Nagar, Bhubaneswar, Odisha 751009",
        "latitude": 20.26149200007507,
        "longitude": 85.83061599991265,
        "source_type": "REAL",
        "source_name": "BhubaneswarOne GIS (Category MapServer/22 - School OPEPA DISE)",
        "source_url": "http://bhubaneswarone.in/arcgis/rest/services/BhubaneswarOne/Category/MapServer/22/query?where=1%3D1&outFields=*&f=geojson",
        "retrieved_at": "2026-09-07T19:10:56.976Z"
      },
      "geometry": {
        "type": "Point",
        "coordinates": [
          85.83061599991265,
          20.26149200007507
        ]
      }
    },
    {
      "type": "Feature",
      "id": "fac_school_21171303701",
      "properties": {
        "id": "fac_school_21171303701",
        "name": "Capital Girls H.S. Unit 2",
        "facility_type": "SCHOOL",
        "category_detail": "Upper Pr. and Secondary",
        "management": "Department of Education",
        "address": "Ashok Nagar East, Ashok Nagar, Bhubaneswar, Odisha 751001",
        "latitude": 20.267085999990773,
        "longitude": 85.8361549997336,
        "source_type": "REAL",
        "source_name": "BhubaneswarOne GIS (Category MapServer/22 - School OPEPA DISE)",
        "source_url": "http://bhubaneswarone.in/arcgis/rest/services/BhubaneswarOne/Category/MapServer/22/query?where=1%3D1&outFields=*&f=geojson",
        "retrieved_at": "2026-09-07T19:10:56.976Z"
      },
      "geometry": {
        "type": "Point",
        "coordinates": [
          85.8361549997336,
          20.267085999990773
        ]
      }
    },
    {
      "type": "Feature",
      "id": "fac_school_21171303702",
      "properties": {
        "id": "fac_school_21171303702",
        "name": "Govt. H.S. Unit 2",
        "facility_type": "SCHOOL",
        "category_detail": "Upper Pr. and Secondary",
        "management": "Department of Education",
        "address": "Unit-2, Ashok Nagar, Bhubaneswar, Odisha",
        "latitude": 20.27033999979644,
        "longitude": 85.83424400014657,
        "source_type": "REAL",
        "source_name": "BhubaneswarOne GIS (Category MapServer/22 - School OPEPA DISE)",
        "source_url": "http://bhubaneswarone.in/arcgis/rest/services/BhubaneswarOne/Category/MapServer/22/query?where=1%3D1&outFields=*&f=geojson",
        "retrieved_at": "2026-09-07T19:10:56.976Z"
      },
      "geometry": {
        "type": "Point",
        "coordinates": [
          85.83424400014657,
          20.27033999979644
        ]
      }
    },
    {
      "type": "Feature",
      "id": "fac_school_21171303703",
      "properties": {
        "id": "fac_school_21171303703",
        "name": "Govt. P.S, Unit 2",
        "facility_type": "SCHOOL",
        "category_detail": "Primary",
        "management": "Department of Education",
        "address": "Unit-2, Ashok Nagar, Bhubaneswar, Odisha",
        "latitude": 20.26564899988358,
        "longitude": 85.83618499956216,
        "source_type": "REAL",
        "source_name": "BhubaneswarOne GIS (Category MapServer/22 - School OPEPA DISE)",
        "source_url": "http://bhubaneswarone.in/arcgis/rest/services/BhubaneswarOne/Category/MapServer/22/query?where=1%3D1&outFields=*&f=geojson",
        "retrieved_at": "2026-09-07T19:10:56.976Z"
      },
      "geometry": {
        "type": "Point",
        "coordinates": [
          85.83618499956216,
          20.26564899988358
        ]
      }
    },
    {
      "type": "Feature",
      "id": "fac_school_21171303704",
      "properties": {
        "id": "fac_school_21171303704",
        "name": "Govt. P S Unit 3",
        "facility_type": "SCHOOL",
        "category_detail": "Primary",
        "management": "Department of Education",
        "address": "Unit 3, Kharabela Nagar, Bhubaneswar, Odisha 751001",
        "latitude": 20.272497999684226,
        "longitude": 85.8364170002771,
        "source_type": "REAL",
        "source_name": "BhubaneswarOne GIS (Category MapServer/22 - School OPEPA DISE)",
        "source_url": "http://bhubaneswarone.in/arcgis/rest/services/BhubaneswarOne/Category/MapServer/22/query?where=1%3D1&outFields=*&f=geojson",
        "retrieved_at": "2026-09-07T19:10:56.976Z"
      },
      "geometry": {
        "type": "Point",
        "coordinates": [
          85.8364170002771,
          20.272497999684226
        ]
      }
    },
    {
      "type": "Feature",
      "id": "fac_school_21171303773",
      "properties": {
        "id": "fac_school_21171303773",
        "name": "Sibananda Public School, Unit-Ii",
        "facility_type": "SCHOOL",
        "category_detail": "Primary",
        "management": "Un-Recognised",
        "address": "Unit-2, Ashok Nagar, Bhubaneswar, Odisha",
        "latitude": 20.265354999564003,
        "longitude": 85.83794199958456,
        "source_type": "REAL",
        "source_name": "BhubaneswarOne GIS (Category MapServer/22 - School OPEPA DISE)",
        "source_url": "http://bhubaneswarone.in/arcgis/rest/services/BhubaneswarOne/Category/MapServer/22/query?where=1%3D1&outFields=*&f=geojson",
        "retrieved_at": "2026-09-07T19:10:56.976Z"
      },
      "geometry": {
        "type": "Point",
        "coordinates": [
          85.83794199958456,
          20.265354999564003
        ]
      }
    },
    {
      "type": "Feature",
      "id": "fac_school_21171303801",
      "properties": {
        "id": "fac_school_21171303801",
        "name": "Buxy P S",
        "facility_type": "SCHOOL",
        "category_detail": "Primary",
        "management": "Department of Education",
        "address": "Kalpana Square, Laxmi Sagar, Bhubaneswar, Odisha",
        "latitude": 20.258255000103954,
        "longitude": 85.84418399991463,
        "source_type": "REAL",
        "source_name": "BhubaneswarOne GIS (Category MapServer/22 - School OPEPA DISE)",
        "source_url": "http://bhubaneswarone.in/arcgis/rest/services/BhubaneswarOne/Category/MapServer/22/query?where=1%3D1&outFields=*&f=geojson",
        "retrieved_at": "2026-09-07T19:10:56.976Z"
      },
      "geometry": {
        "type": "Point",
        "coordinates": [
          85.84418399991463,
          20.258255000103954
        ]
      }
    },
    {
      "type": "Feature",
      "id": "fac_school_21171303804",
      "properties": {
        "id": "fac_school_21171303804",
        "name": "Govt. H S, Badagada",
        "facility_type": "SCHOOL",
        "category_detail": "Upper Pr. and Secondary",
        "management": "Department of Education",
        "address": "Badagada Chhak, Badagada Village, Bhubaneswar, Odisha 751018",
        "latitude": 20.252742999978132,
        "longitude": 85.84961199952251,
        "source_type": "REAL",
        "source_name": "BhubaneswarOne GIS (Category MapServer/22 - School OPEPA DISE)",
        "source_url": "http://bhubaneswarone.in/arcgis/rest/services/BhubaneswarOne/Category/MapServer/22/query?where=1%3D1&outFields=*&f=geojson",
        "retrieved_at": "2026-09-07T19:10:56.976Z"
      },
      "geometry": {
        "type": "Point",
        "coordinates": [
          85.84961199952251,
          20.252742999978132
        ]
      }
    },
    {
      "type": "Feature",
      "id": "fac_school_21171303851",
      "properties": {
        "id": "fac_school_21171303851",
        "name": "Badagada Mpl. P S",
        "facility_type": "SCHOOL",
        "category_detail": "Primary",
        "management": "Department of Education",
        "address": "Badagada Chhak, Badagada Village, Bhubaneswar, Odisha 751018",
        "latitude": 20.252425000270367,
        "longitude": 85.8497200001683,
        "source_type": "REAL",
        "source_name": "BhubaneswarOne GIS (Category MapServer/22 - School OPEPA DISE)",
        "source_url": "http://bhubaneswarone.in/arcgis/rest/services/BhubaneswarOne/Category/MapServer/22/query?where=1%3D1&outFields=*&f=geojson",
        "retrieved_at": "2026-09-07T19:10:56.976Z"
      },
      "geometry": {
        "type": "Point",
        "coordinates": [
          85.8497200001683,
          20.252425000270367
        ]
      }
    },
    {
      "type": "Feature",
      "id": "fac_school_21171303852",
      "properties": {
        "id": "fac_school_21171303852",
        "name": "Badagada Sabarasahi(M) P S",
        "facility_type": "SCHOOL",
        "category_detail": "Primary",
        "management": "Department of Education",
        "address": "Kalpana Square, Laxmi Sagar, Bhubaneswar, Odisha",
        "latitude": 20.25913699966695,
        "longitude": 85.8454829996859,
        "source_type": "REAL",
        "source_name": "BhubaneswarOne GIS (Category MapServer/22 - School OPEPA DISE)",
        "source_url": "http://bhubaneswarone.in/arcgis/rest/services/BhubaneswarOne/Category/MapServer/22/query?where=1%3D1&outFields=*&f=geojson",
        "retrieved_at": "2026-09-07T19:10:56.976Z"
      },
      "geometry": {
        "type": "Point",
        "coordinates": [
          85.8454829996859,
          20.25913699966695
        ]
      }
    },
    {
      "type": "Feature",
      "id": "fac_school_21171303871",
      "properties": {
        "id": "fac_school_21171303871",
        "name": "Sabar Sahi H.S.  Kalpana",
        "facility_type": "SCHOOL",
        "category_detail": "Upper Pr. and Secondary",
        "management": "Pvt. Unaided",
        "address": "Kalpana Square, Laxmi Sagar, Bhubaneswar, Odisha",
        "latitude": 20.25906100042491,
        "longitude": 85.84557900035016,
        "source_type": "REAL",
        "source_name": "BhubaneswarOne GIS (Category MapServer/22 - School OPEPA DISE)",
        "source_url": "http://bhubaneswarone.in/arcgis/rest/services/BhubaneswarOne/Category/MapServer/22/query?where=1%3D1&outFields=*&f=geojson",
        "retrieved_at": "2026-09-07T19:10:56.976Z"
      },
      "geometry": {
        "type": "Point",
        "coordinates": [
          85.84557900035016,
          20.25906100042491
        ]
      }
    },
    {
      "type": "Feature",
      "id": "fac_school_21171303876",
      "properties": {
        "id": "fac_school_21171303876",
        "name": "St. Xavier International School",
        "facility_type": "SCHOOL",
        "category_detail": "Primary with Upper Primary",
        "management": "Pvt. Unaided",
        "address": "Satya Nagar, Bbsr,",
        "latitude": 20.280458999608328,
        "longitude": 85.84421899993076,
        "source_type": "REAL",
        "source_name": "BhubaneswarOne GIS (Category MapServer/22 - School OPEPA DISE)",
        "source_url": "http://bhubaneswarone.in/arcgis/rest/services/BhubaneswarOne/Category/MapServer/22/query?where=1%3D1&outFields=*&f=geojson",
        "retrieved_at": "2026-09-07T19:10:56.976Z"
      },
      "geometry": {
        "type": "Point",
        "coordinates": [
          85.84421899993076,
          20.280458999608328
        ]
      }
    },
    {
      "type": "Feature",
      "id": "fac_school_21171303901",
      "properties": {
        "id": "fac_school_21171303901",
        "name": "Badagada Brit Colonyprj. U P S",
        "facility_type": "SCHOOL",
        "category_detail": "Primary with Upper Primary",
        "management": "Department of Education",
        "address": "Near Patra Guest House, Pandav Nagar, Bhubaneswar, Odisha",
        "latitude": 20.2478559998854,
        "longitude": 85.85374699992427,
        "source_type": "REAL",
        "source_name": "BhubaneswarOne GIS (Category MapServer/22 - School OPEPA DISE)",
        "source_url": "http://bhubaneswarone.in/arcgis/rest/services/BhubaneswarOne/Category/MapServer/22/query?where=1%3D1&outFields=*&f=geojson",
        "retrieved_at": "2026-09-07T19:10:56.976Z"
      },
      "geometry": {
        "type": "Point",
        "coordinates": [
          85.85374699992427,
          20.2478559998854
        ]
      }
    },
    {
      "type": "Feature",
      "id": "fac_school_21171303975",
      "properties": {
        "id": "fac_school_21171303975",
        "name": "Saraswati Sishu Vidya Mandir, Barag",
        "facility_type": "SCHOOL",
        "category_detail": "Pr. Up Pr. and Secondary Only",
        "management": "Un-Recognised",
        "address": "Near Water Tank, Badagada Brit Colony, Bhubaneswar, Odisha 751018",
        "latitude": 20.24787100020241,
        "longitude": 85.8518220004712,
        "source_type": "REAL",
        "source_name": "BhubaneswarOne GIS (Category MapServer/22 - School OPEPA DISE)",
        "source_url": "http://bhubaneswarone.in/arcgis/rest/services/BhubaneswarOne/Category/MapServer/22/query?where=1%3D1&outFields=*&f=geojson",
        "retrieved_at": "2026-09-07T19:10:56.976Z"
      },
      "geometry": {
        "type": "Point",
        "coordinates": [
          85.8518220004712,
          20.24787100020241
        ]
      }
    },
    {
      "type": "Feature",
      "id": "fac_school_21171304001",
      "properties": {
        "id": "fac_school_21171304001",
        "name": "B.J.B.College Colony Project U P S",
        "facility_type": "SCHOOL",
        "category_detail": "Primary with Upper Primary",
        "management": "Department of Education",
        "address": "Bjb Nagar Rd, Bjb Nagar, Bhubaneswar, Odisha 751014",
        "latitude": 20.247568000215498,
        "longitude": 85.84483200017247,
        "source_type": "REAL",
        "source_name": "BhubaneswarOne GIS (Category MapServer/22 - School OPEPA DISE)",
        "source_url": "http://bhubaneswarone.in/arcgis/rest/services/BhubaneswarOne/Category/MapServer/22/query?where=1%3D1&outFields=*&f=geojson",
        "retrieved_at": "2026-09-07T19:10:56.976Z"
      },
      "geometry": {
        "type": "Point",
        "coordinates": [
          85.84483200017247,
          20.247568000215498
        ]
      }
    },
    {
      "type": "Feature",
      "id": "fac_school_21171304002",
      "properties": {
        "id": "fac_school_21171304002",
        "name": "Lingaraj P S",
        "facility_type": "SCHOOL",
        "category_detail": "Primary",
        "management": "Department of Education",
        "address": "Mcc Play Ground, Bjb Nagar Rd, Bjb Nagar, Bhubaneswar, Odisha 751014",
        "latitude": 20.249711999550357,
        "longitude": 85.84484200015504,
        "source_type": "REAL",
        "source_name": "BhubaneswarOne GIS (Category MapServer/22 - School OPEPA DISE)",
        "source_url": "http://bhubaneswarone.in/arcgis/rest/services/BhubaneswarOne/Category/MapServer/22/query?where=1%3D1&outFields=*&f=geojson",
        "retrieved_at": "2026-09-07T19:10:56.976Z"
      },
      "geometry": {
        "type": "Point",
        "coordinates": [
          85.84484200015504,
          20.249711999550357
        ]
      }
    },
    {
      "type": "Feature",
      "id": "fac_school_21171304051",
      "properties": {
        "id": "fac_school_21171304051",
        "name": "B.J. (E.M) School, BJB Nagar",
        "facility_type": "SCHOOL",
        "category_detail": "Pr. with Up.Pr. sec. and H.Sec.",
        "management": "Pvt. Unaided",
        "address": "Bjb Nagar Rd, Bjb Nagar, Bhubaneswar, Odisha 751014",
        "latitude": 20.255952999682236,
        "longitude": 85.84494400048001,
        "source_type": "REAL",
        "source_name": "BhubaneswarOne GIS (Category MapServer/22 - School OPEPA DISE)",
        "source_url": "http://bhubaneswarone.in/arcgis/rest/services/BhubaneswarOne/Category/MapServer/22/query?where=1%3D1&outFields=*&f=geojson",
        "retrieved_at": "2026-09-07T19:10:56.976Z"
      },
      "geometry": {
        "type": "Point",
        "coordinates": [
          85.84494400048001,
          20.255952999682236
        ]
      }
    },
    {
      "type": "Feature",
      "id": "fac_school_21171304106",
      "properties": {
        "id": "fac_school_21171304106",
        "name": "Ramakrishna Mission V U P S",
        "facility_type": "SCHOOL",
        "category_detail": "Primary with Upper Primary",
        "management": "Pvt. Unaided",
        "address": "Academic Building, Vivekananda Marg, Old Town, Bhubanesawar",
        "latitude": 20.251991000216208,
        "longitude": 85.8360850000148,
        "source_type": "REAL",
        "source_name": "BhubaneswarOne GIS (Category MapServer/22 - School OPEPA DISE)",
        "source_url": "http://bhubaneswarone.in/arcgis/rest/services/BhubaneswarOne/Category/MapServer/22/query?where=1%3D1&outFields=*&f=geojson",
        "retrieved_at": "2026-09-07T19:10:56.976Z"
      },
      "geometry": {
        "type": "Point",
        "coordinates": [
          85.8360850000148,
          20.251991000216208
        ]
      }
    },
    {
      "type": "Feature",
      "id": "fac_school_21171304107",
      "properties": {
        "id": "fac_school_21171304107",
        "name": "Harihara Vidya Pitha H.S.",
        "facility_type": "SCHOOL",
        "category_detail": "Upper Pr. and Secondary",
        "management": "Department of Education",
        "address": "Jayadev Nagar, Bhubaneswar, Odisha 751014",
        "latitude": 20.253167000346092,
        "longitude": 85.83948700038337,
        "source_type": "REAL",
        "source_name": "BhubaneswarOne GIS (Category MapServer/22 - School OPEPA DISE)",
        "source_url": "http://bhubaneswarone.in/arcgis/rest/services/BhubaneswarOne/Category/MapServer/22/query?where=1%3D1&outFields=*&f=geojson",
        "retrieved_at": "2026-09-07T19:10:56.976Z"
      },
      "geometry": {
        "type": "Point",
        "coordinates": [
          85.83948700038337,
          20.253167000346092
        ]
      }
    },
    {
      "type": "Feature",
      "id": "fac_school_21171304276",
      "properties": {
        "id": "fac_school_21171304276",
        "name": "Integral EDN Vidyalay, Kedar Gouri",
        "facility_type": "SCHOOL",
        "category_detail": "Pr. Up Pr. and Secondary Only",
        "management": "Un-Recognised",
        "address": "Near Binda Sagar Pond, Old Town, Bhubaneswar, Odisha 751002",
        "latitude": 20.242804000356216,
        "longitude": 85.83910900031762,
        "source_type": "REAL",
        "source_name": "BhubaneswarOne GIS (Category MapServer/22 - School OPEPA DISE)",
        "source_url": "http://bhubaneswarone.in/arcgis/rest/services/BhubaneswarOne/Category/MapServer/22/query?where=1%3D1&outFields=*&f=geojson",
        "retrieved_at": "2026-09-07T19:10:56.976Z"
      },
      "geometry": {
        "type": "Point",
        "coordinates": [
          85.83910900031762,
          20.242804000356216
        ]
      }
    },
    {
      "type": "Feature",
      "id": "fac_school_21171304473",
      "properties": {
        "id": "fac_school_21171304473",
        "name": "Kedargouri St. Xavier H.S",
        "facility_type": "SCHOOL",
        "category_detail": "Pr. Up Pr. and Secondary Only",
        "management": "Pvt. Unaided",
        "address": "School No. 08391, 231-Kedargouri, Near Binda Nagar Pond, Old Town, Gouri Nagar, Old Town, Bhubaneswar, Odisha 751002",
        "latitude": 20.242848999997506,
        "longitude": 85.83855300037031,
        "source_type": "REAL",
        "source_name": "BhubaneswarOne GIS (Category MapServer/22 - School OPEPA DISE)",
        "source_url": "http://bhubaneswarone.in/arcgis/rest/services/BhubaneswarOne/Category/MapServer/22/query?where=1%3D1&outFields=*&f=geojson",
        "retrieved_at": "2026-09-07T19:10:56.976Z"
      },
      "geometry": {
        "type": "Point",
        "coordinates": [
          85.83855300037031,
          20.242848999997506
        ]
      }
    },
    {
      "type": "Feature",
      "id": "fac_school_21171304483",
      "properties": {
        "id": "fac_school_21171304483",
        "name": "Alok Engilsh Medium School",
        "facility_type": "SCHOOL",
        "category_detail": "Primary with Upper Primary",
        "management": "Pvt. Unaided",
        "address": "Near Syndicate Bank\nKharvel Nagar\nUnit- 9\nBhubaneswar, Odisha 751001",
        "latitude": 20.276680555858437,
        "longitude": 85.836950000265,
        "source_type": "REAL",
        "source_name": "BhubaneswarOne GIS (Category MapServer/22 - School OPEPA DISE)",
        "source_url": "http://bhubaneswarone.in/arcgis/rest/services/BhubaneswarOne/Category/MapServer/22/query?where=1%3D1&outFields=*&f=geojson",
        "retrieved_at": "2026-09-07T19:10:56.976Z"
      },
      "geometry": {
        "type": "Point",
        "coordinates": [
          85.836950000265,
          20.276680555858437
        ]
      }
    },
    {
      "type": "Feature",
      "id": "fac_school_21171304653",
      "properties": {
        "id": "fac_school_21171304653",
        "name": "Dav Public School, Garrage Chhak, Pu",
        "facility_type": "SCHOOL",
        "category_detail": "Primary with Upper Primary",
        "management": "Pvt. Unaided",
        "address": "Garage Chhack,Puri Road, Near Sishupalgarh Gokarneswar Temple,Brahmeswarpatna,Bhubaneswar, Odisha 751002",
        "latitude": 20.235344443749995,
        "longitude": 85.85115833342672,
        "source_type": "REAL",
        "source_name": "BhubaneswarOne GIS (Category MapServer/22 - School OPEPA DISE)",
        "source_url": "http://bhubaneswarone.in/arcgis/rest/services/BhubaneswarOne/Category/MapServer/22/query?where=1%3D1&outFields=*&f=geojson",
        "retrieved_at": "2026-09-07T19:10:56.976Z"
      },
      "geometry": {
        "type": "Point",
        "coordinates": [
          85.85115833342672,
          20.235344443749995
        ]
      }
    },
    {
      "type": "Feature",
      "id": "fac_school_21171304701",
      "properties": {
        "id": "fac_school_21171304701",
        "name": "Brahmeswar Nodal U P S",
        "facility_type": "SCHOOL",
        "category_detail": "Primary with Upper Primary",
        "management": "Department of Education",
        "address": "Brahmeswari Chhaka, Near Bhaskervani Temple, Tankapani Rd, Brahmeswarpatna, Bhubaneswar, Odisha 751018",
        "latitude": 20.243483000445224,
        "longitude": 85.85263500016747,
        "source_type": "REAL",
        "source_name": "BhubaneswarOne GIS (Category MapServer/22 - School OPEPA DISE)",
        "source_url": "http://bhubaneswarone.in/arcgis/rest/services/BhubaneswarOne/Category/MapServer/22/query?where=1%3D1&outFields=*&f=geojson",
        "retrieved_at": "2026-09-07T19:10:56.976Z"
      },
      "geometry": {
        "type": "Point",
        "coordinates": [
          85.85263500016747,
          20.243483000445224
        ]
      }
    },
    {
      "type": "Feature",
      "id": "fac_school_21171304751",
      "properties": {
        "id": "fac_school_21171304751",
        "name": "Brahmeswar H.S.",
        "facility_type": "SCHOOL",
        "category_detail": "Upper Pr. and Secondary",
        "management": "Pvt. Aided",
        "address": "Brahmeswarpatna, Bhubaneswar, Odisha-751002",
        "latitude": 20.243605999835932,
        "longitude": 85.85253800037185,
        "source_type": "REAL",
        "source_name": "BhubaneswarOne GIS (Category MapServer/22 - School OPEPA DISE)",
        "source_url": "http://bhubaneswarone.in/arcgis/rest/services/BhubaneswarOne/Category/MapServer/22/query?where=1%3D1&outFields=*&f=geojson",
        "retrieved_at": "2026-09-07T19:10:56.976Z"
      },
      "geometry": {
        "type": "Point",
        "coordinates": [
          85.85253800037185,
          20.243605999835932
        ]
      }
    },
    {
      "type": "Feature",
      "id": "fac_school_21171311205",
      "properties": {
        "id": "fac_school_21171311205",
        "name": "Adarsha Shishu Vidya Mandir",
        "facility_type": "SCHOOL",
        "category_detail": "Primary with Upper Primary",
        "management": "Pvt. Unaided",
        "address": "Airport New Road, Bhubaneswar Odisha",
        "latitude": 20.25579599965195,
        "longitude": 85.82127600035716,
        "source_type": "REAL",
        "source_name": "BhubaneswarOne GIS (Category MapServer/22 - School OPEPA DISE)",
        "source_url": "http://bhubaneswarone.in/arcgis/rest/services/BhubaneswarOne/Category/MapServer/22/query?where=1%3D1&outFields=*&f=geojson",
        "retrieved_at": "2026-09-07T19:10:56.976Z"
      },
      "geometry": {
        "type": "Point",
        "coordinates": [
          85.82127600035716,
          20.25579599965195
        ]
      }
    },
    {
      "type": "Feature",
      "id": "fac_school_21171311401",
      "properties": {
        "id": "fac_school_21171311401",
        "name": "Vikash Institute For Mentally & Physically Handicapped",
        "facility_type": "SCHOOL",
        "category_detail": "Primary",
        "management": "Others",
        "address": "D-2/7, Industrial Estate, Rasulgarh, Bhubaneswar,Nh16,Bhubaneswar, Odisha 751010",
        "latitude": 20.29427800014862,
        "longitude": 85.85471900010775,
        "source_type": "REAL",
        "source_name": "BhubaneswarOne GIS (Category MapServer/22 - School OPEPA DISE)",
        "source_url": "http://bhubaneswarone.in/arcgis/rest/services/BhubaneswarOne/Category/MapServer/22/query?where=1%3D1&outFields=*&f=geojson",
        "retrieved_at": "2026-09-07T19:10:56.976Z"
      },
      "geometry": {
        "type": "Point",
        "coordinates": [
          85.85471900010775,
          20.29427800014862
        ]
      }
    },
    {
      "type": "Feature",
      "id": "fac_school_21171311801",
      "properties": {
        "id": "fac_school_21171311801",
        "name": "Sai Saraswati Gyana Mandir",
        "facility_type": "SCHOOL",
        "category_detail": "Primary with Upper Primary",
        "management": "Pvt. Unaided",
        "address": "Near Bmc, Brahmeswarpatna, Bhubaneswar, Odisha-751002",
        "latitude": 20.24357099972203,
        "longitude": 85.85287700039245,
        "source_type": "REAL",
        "source_name": "BhubaneswarOne GIS (Category MapServer/22 - School OPEPA DISE)",
        "source_url": "http://bhubaneswarone.in/arcgis/rest/services/BhubaneswarOne/Category/MapServer/22/query?where=1%3D1&outFields=*&f=geojson",
        "retrieved_at": "2026-09-07T19:10:56.976Z"
      },
      "geometry": {
        "type": "Point",
        "coordinates": [
          85.85287700039245,
          20.24357099972203
        ]
      }
    },
    {
      "type": "Feature",
      "id": "fac_school_381",
      "properties": {
        "id": "fac_school_381",
        "name": "St. Xavior H.S. Palaspally",
        "facility_type": "SCHOOL",
        "category_detail": "Pr. with Up.Pr. sec. and H.Sec.",
        "management": "Pvt. Unaided",
        "address": "Pallaspalli, Bhubaneswar, Odisha",
        "latitude": 20.24733200034485,
        "longitude": 85.82594400032748,
        "source_type": "REAL",
        "source_name": "BhubaneswarOne GIS (Category MapServer/22 - School OPEPA DISE)",
        "source_url": "http://bhubaneswarone.in/arcgis/rest/services/BhubaneswarOne/Category/MapServer/22/query?where=1%3D1&outFields=*&f=geojson",
        "retrieved_at": "2026-09-07T19:10:56.976Z"
      },
      "geometry": {
        "type": "Point",
        "coordinates": [
          85.82594400032748,
          20.24733200034485
        ]
      }
    },
    {
      "type": "Feature",
      "id": "fac_school_21171304683",
      "properties": {
        "id": "fac_school_21171304683",
        "name": "Saraswati Sishu Mandir, Unit-6",
        "facility_type": "SCHOOL",
        "category_detail": "Primary",
        "management": "Pvt. Unaided",
        "address": "Saraswati Sishu Mandir  Unit-6  Bhubaneswar Odisha 751001",
        "latitude": 20.264809000326142,
        "longitude": 85.82601200005186,
        "source_type": "REAL",
        "source_name": "BhubaneswarOne GIS (Category MapServer/22 - School OPEPA DISE)",
        "source_url": "http://bhubaneswarone.in/arcgis/rest/services/BhubaneswarOne/Category/MapServer/22/query?where=1%3D1&outFields=*&f=geojson",
        "retrieved_at": "2026-09-07T19:10:56.976Z"
      },
      "geometry": {
        "type": "Point",
        "coordinates": [
          85.82601200005186,
          20.264809000326142
        ]
      }
    },
    {
      "type": "Feature",
      "id": "fac_health_32_2",
      "properties": {
        "id": "fac_health_32_2",
        "name": "Govt. Dispensary",
        "facility_type": "HOSPITAL",
        "category_detail": "Govt. Dispensary",
        "address": "Sishu Bhawan Chaak, Bapuji Nagar, Bhubaneswar",
        "latitude": 20.254736931345402,
        "longitude": 85.83206052657289,
        "source_type": "REAL",
        "source_name": "BhubaneswarOne GIS (Category MapServer/32 - Govt. Dispensary)",
        "source_url": "http://bhubaneswarone.in/arcgis/rest/services/BhubaneswarOne/Category/MapServer/32/query?where=1%3D1&outFields=*&f=geojson",
        "retrieved_at": "2026-09-07T19:10:56.976Z"
      },
      "geometry": {
        "type": "Point",
        "coordinates": [
          85.83206052657289,
          20.254736931345402
        ]
      }
    },
    {
      "type": "Feature",
      "id": "fac_health_32_3",
      "properties": {
        "id": "fac_health_32_3",
        "name": "Govt. Dispensary",
        "facility_type": "HOSPITAL",
        "category_detail": "Govt. Dispensary",
        "address": "Unit 7, Surya Nagar Bhubaneswar, Odisha",
        "latitude": 20.267464443200808,
        "longitude": 85.81737765386843,
        "source_type": "REAL",
        "source_name": "BhubaneswarOne GIS (Category MapServer/32 - Govt. Dispensary)",
        "source_url": "http://bhubaneswarone.in/arcgis/rest/services/BhubaneswarOne/Category/MapServer/32/query?where=1%3D1&outFields=*&f=geojson",
        "retrieved_at": "2026-09-07T19:10:56.976Z"
      },
      "geometry": {
        "type": "Point",
        "coordinates": [
          85.81737765386843,
          20.267464443200808
        ]
      }
    },
    {
      "type": "Feature",
      "id": "fac_health_32_4",
      "properties": {
        "id": "fac_health_32_4",
        "name": "Govt. Dispensary",
        "facility_type": "HOSPITAL",
        "category_detail": "Govt. Dispensary",
        "address": "Q.No. 3R 6/1, Unit - 9 Flat, Bhubaneswar - 7510022",
        "latitude": 20.28826565697179,
        "longitude": 85.8359855260933,
        "source_type": "REAL",
        "source_name": "BhubaneswarOne GIS (Category MapServer/32 - Govt. Dispensary)",
        "source_url": "http://bhubaneswarone.in/arcgis/rest/services/BhubaneswarOne/Category/MapServer/32/query?where=1%3D1&outFields=*&f=geojson",
        "retrieved_at": "2026-09-07T19:10:56.976Z"
      },
      "geometry": {
        "type": "Point",
        "coordinates": [
          85.8359855260933,
          20.28826565697179
        ]
      }
    },
    {
      "type": "Feature",
      "id": "fac_health_32_5",
      "properties": {
        "id": "fac_health_32_5",
        "name": "Govt. Dispensary",
        "facility_type": "HOSPITAL",
        "category_detail": "Govt. Dispensary",
        "address": "OLA Campus, Near Rabindra Mandap, Bhubaneswar - 751001",
        "latitude": 20.273911993270037,
        "longitude": 85.83218994964518,
        "source_type": "REAL",
        "source_name": "BhubaneswarOne GIS (Category MapServer/32 - Govt. Dispensary)",
        "source_url": "http://bhubaneswarone.in/arcgis/rest/services/BhubaneswarOne/Category/MapServer/32/query?where=1%3D1&outFields=*&f=geojson",
        "retrieved_at": "2026-09-07T19:10:56.976Z"
      },
      "geometry": {
        "type": "Point",
        "coordinates": [
          85.83218994964518,
          20.273911993270037
        ]
      }
    },
    {
      "type": "Feature",
      "id": "fac_health_32_6",
      "properties": {
        "id": "fac_health_32_6",
        "name": "Govt. Dispensary",
        "facility_type": "HOSPITAL",
        "category_detail": "Govt. Dispensary",
        "address": "Secretariate, Bhubaneswar - 751001",
        "latitude": 20.27198565269548,
        "longitude": 85.8305356985999,
        "source_type": "REAL",
        "source_name": "BhubaneswarOne GIS (Category MapServer/32 - Govt. Dispensary)",
        "source_url": "http://bhubaneswarone.in/arcgis/rest/services/BhubaneswarOne/Category/MapServer/32/query?where=1%3D1&outFields=*&f=geojson",
        "retrieved_at": "2026-09-07T19:10:56.976Z"
      },
      "geometry": {
        "type": "Point",
        "coordinates": [
          85.8305356985999,
          20.27198565269548
        ]
      }
    },
    {
      "type": "Feature",
      "id": "fac_health_33_2",
      "properties": {
        "id": "fac_health_33_2",
        "name": "Urban Community Health Centre",
        "facility_type": "HOSPITAL",
        "category_detail": "Urban Community Health Centre",
        "address": "Unit - 4, Bhubaneswar- 751001",
        "latitude": 20.279490896927935,
        "longitude": 85.82785545577038,
        "source_type": "REAL",
        "source_name": "BhubaneswarOne GIS (Category MapServer/33 - Urban Community Health Centre)",
        "source_url": "http://bhubaneswarone.in/arcgis/rest/services/BhubaneswarOne/Category/MapServer/33/query?where=1%3D1&outFields=*&f=geojson",
        "retrieved_at": "2026-09-07T19:10:56.976Z"
      },
      "geometry": {
        "type": "Point",
        "coordinates": [
          85.82785545577038,
          20.279490896927935
        ]
      }
    },
    {
      "type": "Feature",
      "id": "fac_health_33_3",
      "properties": {
        "id": "fac_health_33_3",
        "name": "Urban Community Health Centre",
        "facility_type": "HOSPITAL",
        "category_detail": "Urban Community Health Centre",
        "address": "Unit-2 Ashok Nagar Bhubaneswar, Odisha",
        "latitude": 20.2654351278116,
        "longitude": 85.83840140114764,
        "source_type": "REAL",
        "source_name": "BhubaneswarOne GIS (Category MapServer/33 - Urban Community Health Centre)",
        "source_url": "http://bhubaneswarone.in/arcgis/rest/services/BhubaneswarOne/Category/MapServer/33/query?where=1%3D1&outFields=*&f=geojson",
        "retrieved_at": "2026-09-07T19:10:56.976Z"
      },
      "geometry": {
        "type": "Point",
        "coordinates": [
          85.83840140114764,
          20.2654351278116
        ]
      }
    },
    {
      "type": "Feature",
      "id": "fac_health_33_4",
      "properties": {
        "id": "fac_health_33_4",
        "name": "Urban Community Health Centre",
        "facility_type": "HOSPITAL",
        "category_detail": "Urban Community Health Centre",
        "address": "Pahal, Bhubaneswar",
        "latitude": 20.343811616248747,
        "longitude": 85.88549937269188,
        "source_type": "REAL",
        "source_name": "BhubaneswarOne GIS (Category MapServer/33 - Urban Community Health Centre)",
        "source_url": "http://bhubaneswarone.in/arcgis/rest/services/BhubaneswarOne/Category/MapServer/33/query?where=1%3D1&outFields=*&f=geojson",
        "retrieved_at": "2026-09-07T19:10:56.976Z"
      },
      "geometry": {
        "type": "Point",
        "coordinates": [
          85.88549937269188,
          20.343811616248747
        ]
      }
    },
    {
      "type": "Feature",
      "id": "fac_health_33_5",
      "properties": {
        "id": "fac_health_33_5",
        "name": "Urban Community Health Centre",
        "facility_type": "HOSPITAL",
        "category_detail": "Urban Community Health Centre",
        "address": "AT/PO - Raghunath Nagar, Dumduma,\nPS - Khandagiri, Dist- Khurda, Bhubaneswar",
        "latitude": 20.236930292791925,
        "longitude": 85.78774588095335,
        "source_type": "REAL",
        "source_name": "BhubaneswarOne GIS (Category MapServer/33 - Urban Community Health Centre)",
        "source_url": "http://bhubaneswarone.in/arcgis/rest/services/BhubaneswarOne/Category/MapServer/33/query?where=1%3D1&outFields=*&f=geojson",
        "retrieved_at": "2026-09-07T19:10:56.976Z"
      },
      "geometry": {
        "type": "Point",
        "coordinates": [
          85.78774588095335,
          20.236930292791925
        ]
      }
    },
    {
      "type": "Feature",
      "id": "fac_health_33_6",
      "properties": {
        "id": "fac_health_33_6",
        "name": "Urban Community Health Centre",
        "facility_type": "HOSPITAL",
        "category_detail": "Urban Community Health Centre",
        "address": "Patia, Near Raj Rammohan College, Bhubaneswar",
        "latitude": 20.34894804783656,
        "longitude": 85.83474729304707,
        "source_type": "REAL",
        "source_name": "BhubaneswarOne GIS (Category MapServer/33 - Urban Community Health Centre)",
        "source_url": "http://bhubaneswarone.in/arcgis/rest/services/BhubaneswarOne/Category/MapServer/33/query?where=1%3D1&outFields=*&f=geojson",
        "retrieved_at": "2026-09-07T19:10:56.976Z"
      },
      "geometry": {
        "type": "Point",
        "coordinates": [
          85.83474729304707,
          20.34894804783656
        ]
      }
    },
    {
      "type": "Feature",
      "id": "fac_health_34_2",
      "properties": {
        "id": "fac_health_34_2",
        "name": "Urban Primary Health Centre",
        "facility_type": "HOSPITAL",
        "category_detail": "Urban Primary Health Centre",
        "address": "Q. No. D 17/1, Rental Colony, Baramunda, Bhubaneswar-  751003",
        "latitude": 20.289475174452225,
        "longitude": 85.79742203793806,
        "source_type": "REAL",
        "source_name": "BhubaneswarOne GIS (Category MapServer/34 - Urban Primary Health Centre)",
        "source_url": "http://bhubaneswarone.in/arcgis/rest/services/BhubaneswarOne/Category/MapServer/34/query?where=1%3D1&outFields=*&f=geojson",
        "retrieved_at": "2026-09-07T19:10:56.976Z"
      },
      "geometry": {
        "type": "Point",
        "coordinates": [
          85.79742203793806,
          20.289475174452225
        ]
      }
    },
    {
      "type": "Feature",
      "id": "fac_health_34_3",
      "properties": {
        "id": "fac_health_34_3",
        "name": "Urban Primary Health Centre",
        "facility_type": "HOSPITAL",
        "category_detail": "Urban Primary Health Centre",
        "address": "Gadakan,  Bhubaneswar",
        "latitude": 20.328760164353014,
        "longitude": 85.83845215034914,
        "source_type": "REAL",
        "source_name": "BhubaneswarOne GIS (Category MapServer/34 - Urban Primary Health Centre)",
        "source_url": "http://bhubaneswarone.in/arcgis/rest/services/BhubaneswarOne/Category/MapServer/34/query?where=1%3D1&outFields=*&f=geojson",
        "retrieved_at": "2026-09-07T19:10:56.976Z"
      },
      "geometry": {
        "type": "Point",
        "coordinates": [
          85.83845215034914,
          20.328760164353014
        ]
      }
    },
    {
      "type": "Feature",
      "id": "fac_health_34_4",
      "properties": {
        "id": "fac_health_34_4",
        "name": "Urban Primary Health Centre",
        "facility_type": "HOSPITAL",
        "category_detail": "Urban Primary Health Centre",
        "address": "Bharatpur Bhubaneswar - 751003",
        "latitude": 20.295616999557126,
        "longitude": 85.78033000004878,
        "source_type": "REAL",
        "source_name": "BhubaneswarOne GIS (Category MapServer/34 - Urban Primary Health Centre)",
        "source_url": "http://bhubaneswarone.in/arcgis/rest/services/BhubaneswarOne/Category/MapServer/34/query?where=1%3D1&outFields=*&f=geojson",
        "retrieved_at": "2026-09-07T19:10:56.976Z"
      },
      "geometry": {
        "type": "Point",
        "coordinates": [
          85.78033000004878,
          20.295616999557126
        ]
      }
    },
    {
      "type": "Feature",
      "id": "fac_health_34_5",
      "properties": {
        "id": "fac_health_34_5",
        "name": "Urban Primary Health Centre",
        "facility_type": "HOSPITAL",
        "category_detail": "Urban Primary Health Centre",
        "address": "Brahmeswarpatna, Tankapani Road, \nBhubaneswar - 751014, Odisha",
        "latitude": 20.243300677845152,
        "longitude": 85.85403762813368,
        "source_type": "REAL",
        "source_name": "BhubaneswarOne GIS (Category MapServer/34 - Urban Primary Health Centre)",
        "source_url": "http://bhubaneswarone.in/arcgis/rest/services/BhubaneswarOne/Category/MapServer/34/query?where=1%3D1&outFields=*&f=geojson",
        "retrieved_at": "2026-09-07T19:10:56.976Z"
      },
      "geometry": {
        "type": "Point",
        "coordinates": [
          85.85403762813368,
          20.243300677845152
        ]
      }
    },
    {
      "type": "Feature",
      "id": "fac_health_34_6",
      "properties": {
        "id": "fac_health_34_6",
        "name": "Urban Primary Health Centre",
        "facility_type": "HOSPITAL",
        "category_detail": "Urban Primary Health Centre",
        "address": "Old Town, Near Lingaraj Temple, Bhubaneswar",
        "latitude": 20.238333999991163,
        "longitude": 85.83325371343874,
        "source_type": "REAL",
        "source_name": "BhubaneswarOne GIS (Category MapServer/34 - Urban Primary Health Centre)",
        "source_url": "http://bhubaneswarone.in/arcgis/rest/services/BhubaneswarOne/Category/MapServer/34/query?where=1%3D1&outFields=*&f=geojson",
        "retrieved_at": "2026-09-07T19:10:56.976Z"
      },
      "geometry": {
        "type": "Point",
        "coordinates": [
          85.83325371343874,
          20.238333999991163
        ]
      }
    },
    {
      "type": "Feature",
      "id": "fac_health_34_7",
      "properties": {
        "id": "fac_health_34_7",
        "name": "Urban Primary Health Centre",
        "facility_type": "HOSPITAL",
        "category_detail": "Urban Primary Health Centre",
        "address": " Kapilprasad,  Near Air Field Police Station, Bhubaneswar",
        "latitude": 20.23145679005489,
        "longitude": 85.81561916865279,
        "source_type": "REAL",
        "source_name": "BhubaneswarOne GIS (Category MapServer/34 - Urban Primary Health Centre)",
        "source_url": "http://bhubaneswarone.in/arcgis/rest/services/BhubaneswarOne/Category/MapServer/34/query?where=1%3D1&outFields=*&f=geojson",
        "retrieved_at": "2026-09-07T19:10:56.976Z"
      },
      "geometry": {
        "type": "Point",
        "coordinates": [
          85.81561916865279,
          20.23145679005489
        ]
      }
    },
    {
      "type": "Feature",
      "id": "fac_health_34_8",
      "properties": {
        "id": "fac_health_34_8",
        "name": "Urban Primary Health Centre",
        "facility_type": "HOSPITAL",
        "category_detail": "Urban Primary Health Centre",
        "address": "Unit 3, Aurobinda Nagar, Near Abhin Chandra Hoemopathic Medical College, Bhubaneswar- 751001",
        "latitude": 20.273642153799265,
        "longitude": 85.83879822808991,
        "source_type": "REAL",
        "source_name": "BhubaneswarOne GIS (Category MapServer/34 - Urban Primary Health Centre)",
        "source_url": "http://bhubaneswarone.in/arcgis/rest/services/BhubaneswarOne/Category/MapServer/34/query?where=1%3D1&outFields=*&f=geojson",
        "retrieved_at": "2026-09-07T19:10:56.976Z"
      },
      "geometry": {
        "type": "Point",
        "coordinates": [
          85.83879822808991,
          20.273642153799265
        ]
      }
    },
    {
      "type": "Feature",
      "id": "fac_health_34_9",
      "properties": {
        "id": "fac_health_34_9",
        "name": "Urban Primary Health Centre",
        "facility_type": "HOSPITAL",
        "category_detail": "Urban Primary Health Centre",
        "address": "Unit 8 \nPlot No : B-6, Delta, Baramunda, Bhubaneswar",
        "latitude": 20.275024313084142,
        "longitude": 85.80816085629046,
        "source_type": "REAL",
        "source_name": "BhubaneswarOne GIS (Category MapServer/34 - Urban Primary Health Centre)",
        "source_url": "http://bhubaneswarone.in/arcgis/rest/services/BhubaneswarOne/Category/MapServer/34/query?where=1%3D1&outFields=*&f=geojson",
        "retrieved_at": "2026-09-07T19:10:56.976Z"
      },
      "geometry": {
        "type": "Point",
        "coordinates": [
          85.80816085629046,
          20.275024313084142
        ]
      }
    },
    {
      "type": "Feature",
      "id": "fac_health_34_10",
      "properties": {
        "id": "fac_health_34_10",
        "name": "Urban Primary Health Centre",
        "facility_type": "HOSPITAL",
        "category_detail": "Urban Primary Health Centre",
        "address": "Plot No. 102, Satya Nagar, Near Toshali Plaza, Bhubanswar ",
        "latitude": 20.28126639901725,
        "longitude": 85.84845700012383,
        "source_type": "REAL",
        "source_name": "BhubaneswarOne GIS (Category MapServer/34 - Urban Primary Health Centre)",
        "source_url": "http://bhubaneswarone.in/arcgis/rest/services/BhubaneswarOne/Category/MapServer/34/query?where=1%3D1&outFields=*&f=geojson",
        "retrieved_at": "2026-09-07T19:10:56.976Z"
      },
      "geometry": {
        "type": "Point",
        "coordinates": [
          85.84845700012383,
          20.28126639901725
        ]
      }
    },
    {
      "type": "Feature",
      "id": "fac_health_34_11",
      "properties": {
        "id": "fac_health_34_11",
        "name": "Urban Primary Health Centre",
        "facility_type": "HOSPITAL",
        "category_detail": "Urban Primary Health Centre",
        "address": "GGP Rasulgarh, Rasulgarh,  Bhubaneswar",
        "latitude": 20.293062893303546,
        "longitude": 85.8665034748861,
        "source_type": "REAL",
        "source_name": "BhubaneswarOne GIS (Category MapServer/34 - Urban Primary Health Centre)",
        "source_url": "http://bhubaneswarone.in/arcgis/rest/services/BhubaneswarOne/Category/MapServer/34/query?where=1%3D1&outFields=*&f=geojson",
        "retrieved_at": "2026-09-07T19:10:56.976Z"
      },
      "geometry": {
        "type": "Point",
        "coordinates": [
          85.8665034748861,
          20.293062893303546
        ]
      }
    },
    {
      "type": "Feature",
      "id": "fac_health_34_12",
      "properties": {
        "id": "fac_health_34_12",
        "name": "Urban Primary Health Centre",
        "facility_type": "HOSPITAL",
        "category_detail": "Urban Primary Health Centre",
        "address": "BJB Nagar, Kalpana\nNear BJEM School (Gate -3) \nBhubaneswar- 751014 Odisha",
        "latitude": 20.25595846105112,
        "longitude": 85.84451283118938,
        "source_type": "REAL",
        "source_name": "BhubaneswarOne GIS (Category MapServer/34 - Urban Primary Health Centre)",
        "source_url": "http://bhubaneswarone.in/arcgis/rest/services/BhubaneswarOne/Category/MapServer/34/query?where=1%3D1&outFields=*&f=geojson",
        "retrieved_at": "2026-09-07T19:10:56.976Z"
      },
      "geometry": {
        "type": "Point",
        "coordinates": [
          85.84451283118938,
          20.25595846105112
        ]
      }
    },
    {
      "type": "Feature",
      "id": "fac_health_34_13",
      "properties": {
        "id": "fac_health_34_13",
        "name": "Urban Primary Health Centre",
        "facility_type": "HOSPITAL",
        "category_detail": "Urban Primary Health Centre",
        "address": "Mahaveer Nagar, Cuttack Puri Road, P.O- Budheswari, P.S- Laxmi Sagar, Bhubaneswar",
        "latitude": 20.277461750889657,
        "longitude": 85.8555081983235,
        "source_type": "REAL",
        "source_name": "BhubaneswarOne GIS (Category MapServer/34 - Urban Primary Health Centre)",
        "source_url": "http://bhubaneswarone.in/arcgis/rest/services/BhubaneswarOne/Category/MapServer/34/query?where=1%3D1&outFields=*&f=geojson",
        "retrieved_at": "2026-09-07T19:10:56.976Z"
      },
      "geometry": {
        "type": "Point",
        "coordinates": [
          85.8555081983235,
          20.277461750889657
        ]
      }
    },
    {
      "type": "Feature",
      "id": "fac_health_34_14",
      "properties": {
        "id": "fac_health_34_14",
        "name": "Urban Primary Health Centre",
        "facility_type": "HOSPITAL",
        "category_detail": "Urban Primary Health Centre",
        "address": "Unit 9, Near Red Cross Bhawan, Bhubaneswar 751022",
        "latitude": 20.282143477429244,
        "longitude": 85.83727520244358,
        "source_type": "REAL",
        "source_name": "BhubaneswarOne GIS (Category MapServer/34 - Urban Primary Health Centre)",
        "source_url": "http://bhubaneswarone.in/arcgis/rest/services/BhubaneswarOne/Category/MapServer/34/query?where=1%3D1&outFields=*&f=geojson",
        "retrieved_at": "2026-09-07T19:10:56.976Z"
      },
      "geometry": {
        "type": "Point",
        "coordinates": [
          85.83727520244358,
          20.282143477429244
        ]
      }
    },
    {
      "type": "Feature",
      "id": "fac_health_37_2",
      "properties": {
        "id": "fac_health_37_2",
        "name": "Hospital",
        "facility_type": "HOSPITAL",
        "category_detail": "Hospital",
        "latitude": 20.289519444867853,
        "longitude": 85.80953611128095,
        "source_type": "REAL",
        "source_name": "BhubaneswarOne GIS (Category MapServer/37 - Hospital)",
        "source_url": "http://bhubaneswarone.in/arcgis/rest/services/BhubaneswarOne/Category/MapServer/37/query?where=1%3D1&outFields=*&f=geojson",
        "retrieved_at": "2026-09-07T19:10:56.976Z"
      },
      "geometry": {
        "type": "Point",
        "coordinates": [
          85.80953611128095,
          20.289519444867853
        ]
      }
    },
    {
      "type": "Feature",
      "id": "fac_health_37_3",
      "properties": {
        "id": "fac_health_37_3",
        "name": "Hospital",
        "facility_type": "HOSPITAL",
        "category_detail": "Hospital",
        "latitude": 20.281952777916185,
        "longitude": 85.84483888924768,
        "source_type": "REAL",
        "source_name": "BhubaneswarOne GIS (Category MapServer/37 - Hospital)",
        "source_url": "http://bhubaneswarone.in/arcgis/rest/services/BhubaneswarOne/Category/MapServer/37/query?where=1%3D1&outFields=*&f=geojson",
        "retrieved_at": "2026-09-07T19:10:56.976Z"
      },
      "geometry": {
        "type": "Point",
        "coordinates": [
          85.84483888924768,
          20.281952777916185
        ]
      }
    },
    {
      "type": "Feature",
      "id": "fac_health_37_4",
      "properties": {
        "id": "fac_health_37_4",
        "name": "Hospital",
        "facility_type": "HOSPITAL",
        "category_detail": "Hospital",
        "latitude": 20.286813888530194,
        "longitude": 85.83803611083611,
        "source_type": "REAL",
        "source_name": "BhubaneswarOne GIS (Category MapServer/37 - Hospital)",
        "source_url": "http://bhubaneswarone.in/arcgis/rest/services/BhubaneswarOne/Category/MapServer/37/query?where=1%3D1&outFields=*&f=geojson",
        "retrieved_at": "2026-09-07T19:10:56.976Z"
      },
      "geometry": {
        "type": "Point",
        "coordinates": [
          85.83803611083611,
          20.286813888530194
        ]
      }
    },
    {
      "type": "Feature",
      "id": "fac_health_37_5",
      "properties": {
        "id": "fac_health_37_5",
        "name": "Hospital",
        "facility_type": "HOSPITAL",
        "category_detail": "Hospital",
        "latitude": 20.29727222201469,
        "longitude": 85.81850555594319,
        "source_type": "REAL",
        "source_name": "BhubaneswarOne GIS (Category MapServer/37 - Hospital)",
        "source_url": "http://bhubaneswarone.in/arcgis/rest/services/BhubaneswarOne/Category/MapServer/37/query?where=1%3D1&outFields=*&f=geojson",
        "retrieved_at": "2026-09-07T19:10:56.976Z"
      },
      "geometry": {
        "type": "Point",
        "coordinates": [
          85.81850555594319,
          20.29727222201469
        ]
      }
    },
    {
      "type": "Feature",
      "id": "fac_health_37_6",
      "properties": {
        "id": "fac_health_37_6",
        "name": "Hospital",
        "facility_type": "HOSPITAL",
        "category_detail": "Hospital",
        "latitude": 20.330182705712033,
        "longitude": 85.82241960430558,
        "source_type": "REAL",
        "source_name": "BhubaneswarOne GIS (Category MapServer/37 - Hospital)",
        "source_url": "http://bhubaneswarone.in/arcgis/rest/services/BhubaneswarOne/Category/MapServer/37/query?where=1%3D1&outFields=*&f=geojson",
        "retrieved_at": "2026-09-07T19:10:56.976Z"
      },
      "geometry": {
        "type": "Point",
        "coordinates": [
          85.82241960430558,
          20.330182705712033
        ]
      }
    },
    {
      "type": "Feature",
      "id": "fac_health_37_7",
      "properties": {
        "id": "fac_health_37_7",
        "name": "Hospital",
        "facility_type": "HOSPITAL",
        "category_detail": "Hospital",
        "latitude": 20.260241370925534,
        "longitude": 85.77725147545355,
        "source_type": "REAL",
        "source_name": "BhubaneswarOne GIS (Category MapServer/37 - Hospital)",
        "source_url": "http://bhubaneswarone.in/arcgis/rest/services/BhubaneswarOne/Category/MapServer/37/query?where=1%3D1&outFields=*&f=geojson",
        "retrieved_at": "2026-09-07T19:10:56.976Z"
      },
      "geometry": {
        "type": "Point",
        "coordinates": [
          85.77725147545355,
          20.260241370925534
        ]
      }
    },
    {
      "type": "Feature",
      "id": "fac_health_37_8",
      "properties": {
        "id": "fac_health_37_8",
        "name": "Hospital",
        "facility_type": "HOSPITAL",
        "category_detail": "Hospital",
        "latitude": 20.30582958772931,
        "longitude": 85.83243384120993,
        "source_type": "REAL",
        "source_name": "BhubaneswarOne GIS (Category MapServer/37 - Hospital)",
        "source_url": "http://bhubaneswarone.in/arcgis/rest/services/BhubaneswarOne/Category/MapServer/37/query?where=1%3D1&outFields=*&f=geojson",
        "retrieved_at": "2026-09-07T19:10:56.976Z"
      },
      "geometry": {
        "type": "Point",
        "coordinates": [
          85.83243384120993,
          20.30582958772931
        ]
      }
    },
    {
      "type": "Feature",
      "id": "fac_health_37_9",
      "properties": {
        "id": "fac_health_37_9",
        "name": "Hospital",
        "facility_type": "HOSPITAL",
        "category_detail": "Hospital",
        "latitude": 20.29622942902892,
        "longitude": 85.83406407138685,
        "source_type": "REAL",
        "source_name": "BhubaneswarOne GIS (Category MapServer/37 - Hospital)",
        "source_url": "http://bhubaneswarone.in/arcgis/rest/services/BhubaneswarOne/Category/MapServer/37/query?where=1%3D1&outFields=*&f=geojson",
        "retrieved_at": "2026-09-07T19:10:56.976Z"
      },
      "geometry": {
        "type": "Point",
        "coordinates": [
          85.83406407138685,
          20.29622942902892
        ]
      }
    },
    {
      "type": "Feature",
      "id": "fac_health_37_11",
      "properties": {
        "id": "fac_health_37_11",
        "name": "Hospital",
        "facility_type": "HOSPITAL",
        "category_detail": "Hospital",
        "latitude": 20.31596163738603,
        "longitude": 85.8167202503862,
        "source_type": "REAL",
        "source_name": "BhubaneswarOne GIS (Category MapServer/37 - Hospital)",
        "source_url": "http://bhubaneswarone.in/arcgis/rest/services/BhubaneswarOne/Category/MapServer/37/query?where=1%3D1&outFields=*&f=geojson",
        "retrieved_at": "2026-09-07T19:10:56.976Z"
      },
      "geometry": {
        "type": "Point",
        "coordinates": [
          85.8167202503862,
          20.31596163738603
        ]
      }
    },
    {
      "type": "Feature",
      "id": "fac_health_37_12",
      "properties": {
        "id": "fac_health_37_12",
        "name": "Hospital",
        "facility_type": "HOSPITAL",
        "category_detail": "Hospital",
        "latitude": 20.296079300178036,
        "longitude": 85.82942267817714,
        "source_type": "REAL",
        "source_name": "BhubaneswarOne GIS (Category MapServer/37 - Hospital)",
        "source_url": "http://bhubaneswarone.in/arcgis/rest/services/BhubaneswarOne/Category/MapServer/37/query?where=1%3D1&outFields=*&f=geojson",
        "retrieved_at": "2026-09-07T19:10:56.976Z"
      },
      "geometry": {
        "type": "Point",
        "coordinates": [
          85.82942267817714,
          20.296079300178036
        ]
      }
    },
    {
      "type": "Feature",
      "id": "fac_health_37_14",
      "properties": {
        "id": "fac_health_37_14",
        "name": "Hospital",
        "facility_type": "HOSPITAL",
        "category_detail": "Hospital",
        "latitude": 20.31351668463558,
        "longitude": 85.81868093217462,
        "source_type": "REAL",
        "source_name": "BhubaneswarOne GIS (Category MapServer/37 - Hospital)",
        "source_url": "http://bhubaneswarone.in/arcgis/rest/services/BhubaneswarOne/Category/MapServer/37/query?where=1%3D1&outFields=*&f=geojson",
        "retrieved_at": "2026-09-07T19:10:56.976Z"
      },
      "geometry": {
        "type": "Point",
        "coordinates": [
          85.81868093217462,
          20.31351668463558
        ]
      }
    },
    {
      "type": "Feature",
      "id": "fac_health_37_16",
      "properties": {
        "id": "fac_health_37_16",
        "name": "Hospital",
        "facility_type": "HOSPITAL",
        "category_detail": "Hospital",
        "latitude": 20.346652432294842,
        "longitude": 85.81665454670463,
        "source_type": "REAL",
        "source_name": "BhubaneswarOne GIS (Category MapServer/37 - Hospital)",
        "source_url": "http://bhubaneswarone.in/arcgis/rest/services/BhubaneswarOne/Category/MapServer/37/query?where=1%3D1&outFields=*&f=geojson",
        "retrieved_at": "2026-09-07T19:10:56.976Z"
      },
      "geometry": {
        "type": "Point",
        "coordinates": [
          85.81665454670463,
          20.346652432294842
        ]
      }
    },
    {
      "type": "Feature",
      "id": "fac_health_37_17",
      "properties": {
        "id": "fac_health_37_17",
        "name": "Hospital",
        "facility_type": "HOSPITAL",
        "category_detail": "Hospital",
        "latitude": 20.258827315955767,
        "longitude": 85.82005137017636,
        "source_type": "REAL",
        "source_name": "BhubaneswarOne GIS (Category MapServer/37 - Hospital)",
        "source_url": "http://bhubaneswarone.in/arcgis/rest/services/BhubaneswarOne/Category/MapServer/37/query?where=1%3D1&outFields=*&f=geojson",
        "retrieved_at": "2026-09-07T19:10:56.976Z"
      },
      "geometry": {
        "type": "Point",
        "coordinates": [
          85.82005137017636,
          20.258827315955767
        ]
      }
    },
    {
      "type": "Feature",
      "id": "fac_health_37_18",
      "properties": {
        "id": "fac_health_37_18",
        "name": "Hospital",
        "facility_type": "HOSPITAL",
        "category_detail": "Hospital",
        "latitude": 20.28597227943198,
        "longitude": 85.80733924364041,
        "source_type": "REAL",
        "source_name": "BhubaneswarOne GIS (Category MapServer/37 - Hospital)",
        "source_url": "http://bhubaneswarone.in/arcgis/rest/services/BhubaneswarOne/Category/MapServer/37/query?where=1%3D1&outFields=*&f=geojson",
        "retrieved_at": "2026-09-07T19:10:56.976Z"
      },
      "geometry": {
        "type": "Point",
        "coordinates": [
          85.80733924364041,
          20.28597227943198
        ]
      }
    },
    {
      "type": "Feature",
      "id": "fac_health_37_19",
      "properties": {
        "id": "fac_health_37_19",
        "name": "Hospital",
        "facility_type": "HOSPITAL",
        "category_detail": "Hospital",
        "latitude": 20.270756936836577,
        "longitude": 85.84544123435955,
        "source_type": "REAL",
        "source_name": "BhubaneswarOne GIS (Category MapServer/37 - Hospital)",
        "source_url": "http://bhubaneswarone.in/arcgis/rest/services/BhubaneswarOne/Category/MapServer/37/query?where=1%3D1&outFields=*&f=geojson",
        "retrieved_at": "2026-09-07T19:10:56.976Z"
      },
      "geometry": {
        "type": "Point",
        "coordinates": [
          85.84544123435955,
          20.270756936836577
        ]
      }
    },
    {
      "type": "Feature",
      "id": "fac_health_37_20",
      "properties": {
        "id": "fac_health_37_20",
        "name": "Hospital",
        "facility_type": "HOSPITAL",
        "category_detail": "Hospital",
        "latitude": 20.24751544367097,
        "longitude": 85.82586986299897,
        "source_type": "REAL",
        "source_name": "BhubaneswarOne GIS (Category MapServer/37 - Hospital)",
        "source_url": "http://bhubaneswarone.in/arcgis/rest/services/BhubaneswarOne/Category/MapServer/37/query?where=1%3D1&outFields=*&f=geojson",
        "retrieved_at": "2026-09-07T19:10:56.976Z"
      },
      "geometry": {
        "type": "Point",
        "coordinates": [
          85.82586986299897,
          20.24751544367097
        ]
      }
    },
    {
      "type": "Feature",
      "id": "fac_health_37_21",
      "properties": {
        "id": "fac_health_37_21",
        "name": "Hospital",
        "facility_type": "HOSPITAL",
        "category_detail": "Hospital",
        "latitude": 20.232625075807572,
        "longitude": 85.8414143729564,
        "source_type": "REAL",
        "source_name": "BhubaneswarOne GIS (Category MapServer/37 - Hospital)",
        "source_url": "http://bhubaneswarone.in/arcgis/rest/services/BhubaneswarOne/Category/MapServer/37/query?where=1%3D1&outFields=*&f=geojson",
        "retrieved_at": "2026-09-07T19:10:56.976Z"
      },
      "geometry": {
        "type": "Point",
        "coordinates": [
          85.8414143729564,
          20.232625075807572
        ]
      }
    },
    {
      "type": "Feature",
      "id": "fac_health_37_22",
      "properties": {
        "id": "fac_health_37_22",
        "name": "Hospital",
        "facility_type": "HOSPITAL",
        "category_detail": "Hospital",
        "latitude": 20.295368136758437,
        "longitude": 85.84321257476591,
        "source_type": "REAL",
        "source_name": "BhubaneswarOne GIS (Category MapServer/37 - Hospital)",
        "source_url": "http://bhubaneswarone.in/arcgis/rest/services/BhubaneswarOne/Category/MapServer/37/query?where=1%3D1&outFields=*&f=geojson",
        "retrieved_at": "2026-09-07T19:10:56.976Z"
      },
      "geometry": {
        "type": "Point",
        "coordinates": [
          85.84321257476591,
          20.295368136758437
        ]
      }
    },
    {
      "type": "Feature",
      "id": "fac_health_37_23",
      "properties": {
        "id": "fac_health_37_23",
        "name": "Hospital",
        "facility_type": "HOSPITAL",
        "category_detail": "Hospital",
        "latitude": 20.282871266336294,
        "longitude": 85.76898409861084,
        "source_type": "REAL",
        "source_name": "BhubaneswarOne GIS (Category MapServer/37 - Hospital)",
        "source_url": "http://bhubaneswarone.in/arcgis/rest/services/BhubaneswarOne/Category/MapServer/37/query?where=1%3D1&outFields=*&f=geojson",
        "retrieved_at": "2026-09-07T19:10:56.976Z"
      },
      "geometry": {
        "type": "Point",
        "coordinates": [
          85.76898409861084,
          20.282871266336294
        ]
      }
    },
    {
      "type": "Feature",
      "id": "fac_health_37_24",
      "properties": {
        "id": "fac_health_37_24",
        "name": "Hospital",
        "facility_type": "HOSPITAL",
        "category_detail": "Hospital",
        "latitude": 20.293312475435865,
        "longitude": 85.81117688812924,
        "source_type": "REAL",
        "source_name": "BhubaneswarOne GIS (Category MapServer/37 - Hospital)",
        "source_url": "http://bhubaneswarone.in/arcgis/rest/services/BhubaneswarOne/Category/MapServer/37/query?where=1%3D1&outFields=*&f=geojson",
        "retrieved_at": "2026-09-07T19:10:56.976Z"
      },
      "geometry": {
        "type": "Point",
        "coordinates": [
          85.81117688812924,
          20.293312475435865
        ]
      }
    },
    {
      "type": "Feature",
      "id": "fac_health_37_25",
      "properties": {
        "id": "fac_health_37_25",
        "name": "Hospital",
        "facility_type": "HOSPITAL",
        "category_detail": "Hospital",
        "latitude": 20.284637865142734,
        "longitude": 85.8496069691085,
        "source_type": "REAL",
        "source_name": "BhubaneswarOne GIS (Category MapServer/37 - Hospital)",
        "source_url": "http://bhubaneswarone.in/arcgis/rest/services/BhubaneswarOne/Category/MapServer/37/query?where=1%3D1&outFields=*&f=geojson",
        "retrieved_at": "2026-09-07T19:10:56.976Z"
      },
      "geometry": {
        "type": "Point",
        "coordinates": [
          85.8496069691085,
          20.284637865142734
        ]
      }
    },
    {
      "type": "Feature",
      "id": "fac_health_37_26",
      "properties": {
        "id": "fac_health_37_26",
        "name": "Hospital",
        "facility_type": "HOSPITAL",
        "category_detail": "Hospital",
        "latitude": 20.279274624824104,
        "longitude": 85.80022953426023,
        "source_type": "REAL",
        "source_name": "BhubaneswarOne GIS (Category MapServer/37 - Hospital)",
        "source_url": "http://bhubaneswarone.in/arcgis/rest/services/BhubaneswarOne/Category/MapServer/37/query?where=1%3D1&outFields=*&f=geojson",
        "retrieved_at": "2026-09-07T19:10:56.976Z"
      },
      "geometry": {
        "type": "Point",
        "coordinates": [
          85.80022953426023,
          20.279274624824104
        ]
      }
    },
    {
      "type": "Feature",
      "id": "fac_health_37_27",
      "properties": {
        "id": "fac_health_37_27",
        "name": "Hospital",
        "facility_type": "HOSPITAL",
        "category_detail": "Hospital",
        "latitude": 20.3106888889624,
        "longitude": 85.83605277784163,
        "source_type": "REAL",
        "source_name": "BhubaneswarOne GIS (Category MapServer/37 - Hospital)",
        "source_url": "http://bhubaneswarone.in/arcgis/rest/services/BhubaneswarOne/Category/MapServer/37/query?where=1%3D1&outFields=*&f=geojson",
        "retrieved_at": "2026-09-07T19:10:56.976Z"
      },
      "geometry": {
        "type": "Point",
        "coordinates": [
          85.83605277784163,
          20.3106888889624
        ]
      }
    },
    {
      "type": "Feature",
      "id": "fac_health_37_28",
      "properties": {
        "id": "fac_health_37_28",
        "name": "Hospital",
        "facility_type": "HOSPITAL",
        "category_detail": "Hospital",
        "latitude": 20.321769999771526,
        "longitude": 85.84939000018204,
        "source_type": "REAL",
        "source_name": "BhubaneswarOne GIS (Category MapServer/37 - Hospital)",
        "source_url": "http://bhubaneswarone.in/arcgis/rest/services/BhubaneswarOne/Category/MapServer/37/query?where=1%3D1&outFields=*&f=geojson",
        "retrieved_at": "2026-09-07T19:10:56.976Z"
      },
      "geometry": {
        "type": "Point",
        "coordinates": [
          85.84939000018204,
          20.321769999771526
        ]
      }
    },
    {
      "type": "Feature",
      "id": "fac_health_37_29",
      "properties": {
        "id": "fac_health_37_29",
        "name": "Hospital",
        "facility_type": "HOSPITAL",
        "category_detail": "Hospital",
        "latitude": 20.260200000009306,
        "longitude": 85.77730000031205,
        "source_type": "REAL",
        "source_name": "BhubaneswarOne GIS (Category MapServer/37 - Hospital)",
        "source_url": "http://bhubaneswarone.in/arcgis/rest/services/BhubaneswarOne/Category/MapServer/37/query?where=1%3D1&outFields=*&f=geojson",
        "retrieved_at": "2026-09-07T19:10:56.976Z"
      },
      "geometry": {
        "type": "Point",
        "coordinates": [
          85.77730000031205,
          20.260200000009306
        ]
      }
    },
    {
      "type": "Feature",
      "id": "fac_health_37_30",
      "properties": {
        "id": "fac_health_37_30",
        "name": "Hospital",
        "facility_type": "HOSPITAL",
        "category_detail": "Hospital",
        "latitude": 20.305800000169295,
        "longitude": 85.83240000003626,
        "source_type": "REAL",
        "source_name": "BhubaneswarOne GIS (Category MapServer/37 - Hospital)",
        "source_url": "http://bhubaneswarone.in/arcgis/rest/services/BhubaneswarOne/Category/MapServer/37/query?where=1%3D1&outFields=*&f=geojson",
        "retrieved_at": "2026-09-07T19:10:56.976Z"
      },
      "geometry": {
        "type": "Point",
        "coordinates": [
          85.83240000003626,
          20.305800000169295
        ]
      }
    },
    {
      "type": "Feature",
      "id": "fac_health_37_31",
      "properties": {
        "id": "fac_health_37_31",
        "name": "Hospital",
        "facility_type": "HOSPITAL",
        "category_detail": "Hospital",
        "latitude": 20.32260000012405,
        "longitude": 85.80039999959283,
        "source_type": "REAL",
        "source_name": "BhubaneswarOne GIS (Category MapServer/37 - Hospital)",
        "source_url": "http://bhubaneswarone.in/arcgis/rest/services/BhubaneswarOne/Category/MapServer/37/query?where=1%3D1&outFields=*&f=geojson",
        "retrieved_at": "2026-09-07T19:10:56.976Z"
      },
      "geometry": {
        "type": "Point",
        "coordinates": [
          85.80039999959283,
          20.32260000012405
        ]
      }
    },
    {
      "type": "Feature",
      "id": "fac_health_39_1",
      "properties": {
        "id": "fac_health_39_1",
        "name": "Other Health Facility",
        "facility_type": "HOSPITAL",
        "category_detail": "Other Health Facility",
        "latitude": 20.28974878798261,
        "longitude": 85.84382495759287,
        "source_type": "REAL",
        "source_name": "BhubaneswarOne GIS (Category MapServer/39 - Other Health Facility)",
        "source_url": "http://bhubaneswarone.in/arcgis/rest/services/BhubaneswarOne/Category/MapServer/39/query?where=1%3D1&outFields=*&f=geojson",
        "retrieved_at": "2026-09-07T19:10:56.976Z"
      },
      "geometry": {
        "type": "Point",
        "coordinates": [
          85.84382495759287,
          20.28974878798261
        ]
      }
    },
    {
      "type": "Feature",
      "id": "fac_health_39_2",
      "properties": {
        "id": "fac_health_39_2",
        "name": "Other Health Facility",
        "facility_type": "HOSPITAL",
        "category_detail": "Other Health Facility",
        "latitude": 20.241030714891895,
        "longitude": 85.8327503062039,
        "source_type": "REAL",
        "source_name": "BhubaneswarOne GIS (Category MapServer/39 - Other Health Facility)",
        "source_url": "http://bhubaneswarone.in/arcgis/rest/services/BhubaneswarOne/Category/MapServer/39/query?where=1%3D1&outFields=*&f=geojson",
        "retrieved_at": "2026-09-07T19:10:56.976Z"
      },
      "geometry": {
        "type": "Point",
        "coordinates": [
          85.8327503062039,
          20.241030714891895
        ]
      }
    },
    {
      "type": "Feature",
      "id": "fac_health_39_3",
      "properties": {
        "id": "fac_health_39_3",
        "name": "Other Health Facility",
        "facility_type": "HOSPITAL",
        "category_detail": "Other Health Facility",
        "latitude": 20.297245957213875,
        "longitude": 85.82213399830901,
        "source_type": "REAL",
        "source_name": "BhubaneswarOne GIS (Category MapServer/39 - Other Health Facility)",
        "source_url": "http://bhubaneswarone.in/arcgis/rest/services/BhubaneswarOne/Category/MapServer/39/query?where=1%3D1&outFields=*&f=geojson",
        "retrieved_at": "2026-09-07T19:10:56.976Z"
      },
      "geometry": {
        "type": "Point",
        "coordinates": [
          85.82213399830901,
          20.297245957213875
        ]
      }
    },
    {
      "type": "Feature",
      "id": "fac_health_39_4",
      "properties": {
        "id": "fac_health_39_4",
        "name": "Other Health Facility",
        "facility_type": "HOSPITAL",
        "category_detail": "Other Health Facility",
        "latitude": 20.258873446648874,
        "longitude": 85.84128661903627,
        "source_type": "REAL",
        "source_name": "BhubaneswarOne GIS (Category MapServer/39 - Other Health Facility)",
        "source_url": "http://bhubaneswarone.in/arcgis/rest/services/BhubaneswarOne/Category/MapServer/39/query?where=1%3D1&outFields=*&f=geojson",
        "retrieved_at": "2026-09-07T19:10:56.976Z"
      },
      "geometry": {
        "type": "Point",
        "coordinates": [
          85.84128661903627,
          20.258873446648874
        ]
      }
    }
  ]
}